[2026-05-05T00:22:42.910Z] plugin/info: Trimmed persistent Rolay log to the newest 192 KB because it exceeded 256 KB.
[2026-05-05T00:13:37.131Z] ops/info: [ws_c3f3722a-8d5c-4545-98b7-022ff4ff5768] Markdown entry created for АГиТДУ/Практика/24.04.md. Existing local text will be pushed into the remote CRDT doc when possible.
[2026-05-05T00:13:37.132Z] crdt/info: Merging local markdown state into remote CRDT doc for АГиТДУ/Практика/24.04.md.
[2026-05-05T00:13:37.141Z] crdt/info: [ws_c3f3722a-8d5c-4545-98b7-022ff4ff5768] Skipped preload overwrite for Физика/Лекции/Лекция 13.03/рис. 16.md because a local markdown create replay is pending.
[2026-05-05T00:13:37.142Z] crdt/info: [ws_c3f3722a-8d5c-4545-98b7-022ff4ff5768] Skipped preload overwrite for Физика/Лекции/Лекция 13.03/рис. 17.md because a local markdown create replay is pending.
[2026-05-05T00:13:37.143Z] crdt/info: [ws_c3f3722a-8d5c-4545-98b7-022ff4ff5768] Skipped preload overwrite for Физика/Лекции/Лекция 20.03/Лекция 20.03.md because a local markdown create replay is pending.
[2026-05-05T00:13:37.359Z] crdt/info: [ws_c3f3722a-8d5c-4545-98b7-022ff4ff5768] Skipped preload overwrite for Физика/Лекции/Лекция 20.03/лекция от никитки.md because a local markdown create replay is pending.
[2026-05-05T00:13:37.488Z] crdt/info: [ws_c3f3722a-8d5c-4545-98b7-022ff4ff5768] Skipped preload overwrite for Физика/Лекции/Лекция 24.04.md because a local markdown create replay is pending.
[2026-05-05T00:13:37.491Z] crdt/info: [ws_c3f3722a-8d5c-4545-98b7-022ff4ff5768] Skipped preload overwrite for Физика/Лекции/Лекция 27.03/график p-v.md because a local markdown create replay is pending.
[2026-05-05T00:13:37.492Z] crdt/info: [ws_c3f3722a-8d5c-4545-98b7-022ff4ff5768] Skipped preload overwrite for Физика/Лекции/Лекция 27.03/двухатомный.md because a local markdown create replay is pending.
[2026-05-05T00:13:37.492Z] crdt/info: [ws_c3f3722a-8d5c-4545-98b7-022ff4ff5768] Skipped preload overwrite for Физика/Лекции/Лекция 27.03/задача про газ.md because a local markdown create replay is pending.
[2026-05-05T00:13:37.493Z] crdt/info: [ws_c3f3722a-8d5c-4545-98b7-022ff4ff5768] Skipped preload overwrite for Физика/Лекции/Лекция 27.03/Лекция 27.03.md because a local markdown create replay is pending.
[2026-05-05T00:13:37.494Z] crdt/info: [ws_c3f3722a-8d5c-4545-98b7-022ff4ff5768] Skipped preload overwrite for Физика/Лекции/Лекция 27.03/Трёхатомный.md because a local markdown create replay is pending.
[2026-05-05T00:13:37.494Z] crdt/info: [ws_c3f3722a-8d5c-4545-98b7-022ff4ff5768] Left local markdown Misc/test.md untouched during preload because it diverged from the last known cached content.
[2026-05-05T00:13:37.499Z] crdt/info: [ws_c3f3722a-8d5c-4545-98b7-022ff4ff5768] HTTP markdown bootstrap stored 19 markdown document(s) with 940 KB downloaded.
[2026-05-05T00:13:38.011Z] crdt/info: Merged local markdown state into remote CRDT doc for АГиТДУ/Практика/24.04.md.
[2026-05-05T00:13:38.011Z] ops/info: [ws_c3f3722a-8d5c-4545-98b7-022ff4ff5768] Cleared stale pending markdown create for АГиТДУ/Лекция/Лекция 17.04.md because that path is already owned by remote entry fil_a55bfe65-a526-4704-b79e-6b13183bc343.
[2026-05-05T00:13:38.012Z] ops/info: [ws_c3f3722a-8d5c-4545-98b7-022ff4ff5768] Cleared stale pending markdown create for АГиТДУ/Лекция/17.04.md because that path is already owned by remote entry fil_804eeb6a-4fd2-4f28-b37d-4d54adc3a495.
[2026-05-05T00:13:38.012Z] ops/info: Sending create_markdown (f7c0b9a4-c0e9-495d-bc9c-a74f3bf5d857) for local markdown create Матан/Практика/20.04.2026.md.
[2026-05-05T00:13:38.271Z] ops/info: Operation f7c0b9a4-c0e9-495d-bc9c-a74f3bf5d857 applied at event 393.
[2026-05-05T00:13:38.272Z] ops/info: [ws_c3f3722a-8d5c-4545-98b7-022ff4ff5768] Markdown entry created for Матан/Практика/20.04.2026.md. Existing local text will be pushed into the remote CRDT doc when possible.
[2026-05-05T00:13:38.273Z] crdt/info: Merging local markdown state into remote CRDT doc for Матан/Практика/20.04.2026.md.
[2026-05-05T00:13:39.040Z] crdt/info: Merged local markdown state into remote CRDT doc for Матан/Практика/20.04.2026.md.
[2026-05-05T00:13:39.042Z] ops/info: [ws_c3f3722a-8d5c-4545-98b7-022ff4ff5768] Cleared stale pending markdown create for АГиТДУ/Лекция/24.04.md because that path is already owned by remote entry fil_c3e8b7b0-c924-45bd-8b45-b83321e79033.
[2026-05-05T00:13:39.042Z] ops/info: [ws_c3f3722a-8d5c-4545-98b7-022ff4ff5768] Cleared stale pending markdown create for Физика/Лекции/Лекция 24.04.md because that path is already owned by remote entry fil_4dafecc5-3923-41c8-84a3-0107743db18f.
[2026-05-05T00:13:39.042Z] ops/info: [ws_c3f3722a-8d5c-4545-98b7-022ff4ff5768] Cleared stale pending markdown create for АГиТДУ/Практика/17.04.2026/17.04.2026.md because that path is already owned by remote entry fil_5fd4e585-606b-4431-890f-ced529d83f12.
[2026-05-05T00:13:39.042Z] ops/info: [ws_c3f3722a-8d5c-4545-98b7-022ff4ff5768] Cleared stale pending markdown create for Физика/Лекции/Лекция 03.04/Лекция 03.04.md because that path is already owned by remote entry fil_f3f3f95e-ff85-4f7f-be36-28752a10b987.
[2026-05-05T00:13:39.042Z] ops/info: [ws_c3f3722a-8d5c-4545-98b7-022ff4ff5768] Cleared stale pending markdown create for Физика/Лекции/Лекция 13.03/Лекция 13.03.md because that path is already owned by remote entry fil_de03cfd7-b625-42b7-b943-41adee0e45e6.
[2026-05-05T00:13:39.042Z] ops/info: [ws_c3f3722a-8d5c-4545-98b7-022ff4ff5768] Cleared stale pending markdown create for Физика/Лекции/Лекция 13.03/рис. 16.md because that path is already owned by remote entry fil_1039e89f-2fbd-4daa-af24-95cc7b28324c.
[2026-05-05T00:13:39.043Z] ops/info: [ws_c3f3722a-8d5c-4545-98b7-022ff4ff5768] Cleared stale pending markdown create for Физика/Лекции/Лекция 13.03/рис. 17.md because that path is already owned by remote entry fil_f8bb3009-875e-4408-a910-4d2abfb905e0.
[2026-05-05T00:13:39.043Z] ops/info: [ws_c3f3722a-8d5c-4545-98b7-022ff4ff5768] Cleared stale pending markdown create for Физика/Лекции/Лекция 20.03/Лекция 20.03.md because that path is already owned by remote entry fil_a495351b-7153-4c5b-8d94-0a7b0a51537e.
[2026-05-05T00:13:39.043Z] ops/info: [ws_c3f3722a-8d5c-4545-98b7-022ff4ff5768] Cleared stale pending markdown create for Физика/Лекции/Лекция 20.03/лекция от никитки.md because that path is already owned by remote entry fil_dea7df19-798d-4a7a-a575-b1914719f710.
[2026-05-05T00:13:39.043Z] ops/info: [ws_c3f3722a-8d5c-4545-98b7-022ff4ff5768] Cleared stale pending markdown create for Физика/Лекции/Лекция 27.03/двухатомный.md because that path is already owned by remote entry fil_28b85120-62eb-43da-84ed-4b49561d318d.
[2026-05-05T00:13:39.043Z] ops/info: [ws_c3f3722a-8d5c-4545-98b7-022ff4ff5768] Cleared stale pending markdown create for Физика/Лекции/Лекция 27.03/задача про газ.md because that path is already owned by remote entry fil_2e2f69f9-d98d-47a6-ae1a-6aebe318915e.
[2026-05-05T00:13:39.043Z] ops/info: [ws_c3f3722a-8d5c-4545-98b7-022ff4ff5768] Cleared stale pending markdown create for Физика/Лекции/Лекция 27.03/график p-v.md because that path is already owned by remote entry fil_ad6bb902-315f-4462-8a7d-c74fecc752e8.
[2026-05-05T00:13:39.043Z] ops/info: [ws_c3f3722a-8d5c-4545-98b7-022ff4ff5768] Cleared stale pending markdown create for Физика/Лекции/Лекция 27.03/Трёхатомный.md because that path is already owned by remote entry fil_d9f0d80b-d9f4-4f20-95fe-7137ebb3c023.
[2026-05-05T00:13:39.044Z] ops/info: [ws_c3f3722a-8d5c-4545-98b7-022ff4ff5768] Cleared stale pending markdown create for Физика/Лекции/Лекция 27.03/Лекция 27.03.md because that path is already owned by remote entry fil_7f7c2613-66c5-4756-8228-c2fe3520c683.
[2026-05-05T00:13:39.044Z] blob/info: [ws_c3f3722a-8d5c-4545-98b7-022ff4ff5768] Replaying 6 pending binary write(s) after startup-deferred.
[2026-05-05T00:13:39.061Z] blob-trace/info: [ws_c3f3722a-8d5c-4545-98b7-022ff4ff5768] upload-ticket request entryId=fil_049a6b3c-923c-47b0-8bfa-d252b29d0b52 localPath=Rolay/150911/АГиТДУ/Практика/image.png serverPath=АГиТДУ/Практика/image.png hash=sha256:gX5VnEV6Nbom2JPsyIM2jNaTCAX8WGj7KCheSWoxRzw= sizeBytes=1201265 mimeType=image/png
[2026-05-05T00:13:39.067Z] ops/info: Sending create_binary_placeholder (d5bd176b-783a-4339-8f63-3262c6786d60) for local binary placeholder Матан/Практика/image.png.
[2026-05-05T00:13:39.121Z] blob-trace/info: [ws_c3f3722a-8d5c-4545-98b7-022ff4ff5768] upload-ticket response entryId=fil_049a6b3c-923c-47b0-8bfa-d252b29d0b52 localPath=Rolay/150911/АГиТДУ/Практика/image.png serverPath=АГиТДУ/Практика/image.png status=200 requestId=req-1z3f alreadyExists=true uploadId=undefined uploadedBytes=1201265 sizeBytes=1201265 hash=sha256:gX5VnEV6Nbom2JPsyIM2jNaTCAX8WGj7KCheSWoxRzw=
[2026-05-05T00:13:39.122Z] blob-trace/info: [ws_c3f3722a-8d5c-4545-98b7-022ff4ff5768] commit_blob_revision request entryId=fil_049a6b3c-923c-47b0-8bfa-d252b29d0b52 localPath=Rolay/150911/АГиТДУ/Практика/image.png hash=sha256:gX5VnEV6Nbom2JPsyIM2jNaTCAX8WGj7KCheSWoxRzw= sizeBytes=1201265 entryVersion=1 path=АГиТДУ/Практика/image.png
[2026-05-05T00:13:39.154Z] blob-trace/info: [ws_c3f3722a-8d5c-4545-98b7-022ff4ff5768] upload-ticket request entryId=fil_41ccbe15-8009-47d3-b605-3e4337b8b4b8 localPath=Rolay/150911/АГиТДУ/Практика/17.04.2026/image.png serverPath=АГиТДУ/Практика/17.04.2026/image.png hash=sha256:gX5VnEV6Nbom2JPsyIM2jNaTCAX8WGj7KCheSWoxRzw= sizeBytes=1201265 mimeType=image/png
[2026-05-05T00:13:39.159Z] blob-trace/info: [ws_c3f3722a-8d5c-4545-98b7-022ff4ff5768] upload-ticket request entryId=fil_2e4dd049-3162-4639-b134-0816f4c94b45 localPath=Rolay/150911/АГиТДУ/Практика/17.04.2026/image-1.png serverPath=АГиТДУ/Практика/17.04.2026/image-1.png hash=sha256:tsMUMhCm7589u8TiCw0sEOidz+fmsWPKPxuWUIxzk4w= sizeBytes=1406706 mimeType=image/png
[2026-05-05T00:13:39.167Z] blob-trace/info: [ws_c3f3722a-8d5c-4545-98b7-022ff4ff5768] upload-ticket request entryId=fil_c9b1b767-4be3-413e-8f0e-daf1df75e6ce localPath=Rolay/150911/АГиТДУ/Практика/17.04.2026/image-2.png serverPath=АГиТДУ/Практика/17.04.2026/image-2.png hash=sha256:Noh3YilI4EPyjkFO9Z9o6w7rsyY9yc/ALPY8bqsbuX8= sizeBytes=5728 mimeType=image/png
[2026-05-05T00:13:39.224Z] blob-trace/info: [ws_c3f3722a-8d5c-4545-98b7-022ff4ff5768] upload-ticket response entryId=fil_41ccbe15-8009-47d3-b605-3e4337b8b4b8 localPath=Rolay/150911/АГиТДУ/Практика/17.04.2026/image.png serverPath=АГиТДУ/Практика/17.04.2026/image.png status=200 requestId=req-1z3h alreadyExists=true uploadId=undefined uploadedBytes=1201265 sizeBytes=1201265 hash=sha256:gX5VnEV6Nbom2JPsyIM2jNaTCAX8WGj7KCheSWoxRzw=
[2026-05-05T00:13:39.225Z] blob-trace/info: [ws_c3f3722a-8d5c-4545-98b7-022ff4ff5768] commit_blob_revision request entryId=fil_41ccbe15-8009-47d3-b605-3e4337b8b4b8 localPath=Rolay/150911/АГиТДУ/Практика/17.04.2026/image.png hash=sha256:gX5VnEV6Nbom2JPsyIM2jNaTCAX8WGj7KCheSWoxRzw= sizeBytes=1201265 entryVersion=1 path=АГиТДУ/Практика/17.04.2026/image.png
[2026-05-05T00:13:39.227Z] sse/info: Subscribed to room ws_c3f3722a-8d5c-4545-98b7-022ff4ff5768 events.
[2026-05-05T00:13:39.228Z] sse/info: [ws_c3f3722a-8d5c-4545-98b7-022ff4ff5768] Event 387: tree.entry.created
[2026-05-05T00:13:39.228Z] sse/info: [ws_c3f3722a-8d5c-4545-98b7-022ff4ff5768] Event 388: tree.entry.created
[2026-05-05T00:13:39.229Z] sse/info: [ws_c3f3722a-8d5c-4545-98b7-022ff4ff5768] Event 389: tree.entry.created
[2026-05-05T00:13:39.229Z] sse/info: [ws_c3f3722a-8d5c-4545-98b7-022ff4ff5768] Event 390: tree.entry.created
[2026-05-05T00:13:39.229Z] sse/info: [ws_c3f3722a-8d5c-4545-98b7-022ff4ff5768] Event 391: tree.entry.created
[2026-05-05T00:13:39.229Z] sse/info: [ws_c3f3722a-8d5c-4545-98b7-022ff4ff5768] Event 392: tree.entry.created
[2026-05-05T00:13:39.229Z] sse/info: [ws_c3f3722a-8d5c-4545-98b7-022ff4ff5768] Event 393: tree.entry.created
[2026-05-05T00:13:39.229Z] sse/info: [ws_c3f3722a-8d5c-4545-98b7-022ff4ff5768] Event 394: tree.entry.created
[2026-05-05T00:13:39.229Z] blob-trace/info: [ws_c3f3722a-8d5c-4545-98b7-022ff4ff5768] upload-ticket response entryId=fil_2e4dd049-3162-4639-b134-0816f4c94b45 localPath=Rolay/150911/АГиТДУ/Практика/17.04.2026/image-1.png serverPath=АГиТДУ/Практика/17.04.2026/image-1.png status=200 requestId=req-1z3i alreadyExists=true uploadId=undefined uploadedBytes=1406706 sizeBytes=1406706 hash=sha256:tsMUMhCm7589u8TiCw0sEOidz+fmsWPKPxuWUIxzk4w=
[2026-05-05T00:13:39.230Z] blob-trace/info: [ws_c3f3722a-8d5c-4545-98b7-022ff4ff5768] commit_blob_revision request entryId=fil_2e4dd049-3162-4639-b134-0816f4c94b45 localPath=Rolay/150911/АГиТДУ/Практика/17.04.2026/image-1.png hash=sha256:tsMUMhCm7589u8TiCw0sEOidz+fmsWPKPxuWUIxzk4w= sizeBytes=1406706 entryVersion=1 path=АГиТДУ/Практика/17.04.2026/image-1.png
[2026-05-05T00:13:39.230Z] blob-trace/info: [ws_c3f3722a-8d5c-4545-98b7-022ff4ff5768] upload-ticket response entryId=fil_c9b1b767-4be3-413e-8f0e-daf1df75e6ce localPath=Rolay/150911/АГиТДУ/Практика/17.04.2026/image-2.png serverPath=АГиТДУ/Практика/17.04.2026/image-2.png status=200 requestId=req-1z3j alreadyExists=true uploadId=undefined uploadedBytes=5728 sizeBytes=5728 hash=sha256:Noh3YilI4EPyjkFO9Z9o6w7rsyY9yc/ALPY8bqsbuX8=
[2026-05-05T00:13:39.230Z] blob-trace/info: [ws_c3f3722a-8d5c-4545-98b7-022ff4ff5768] commit_blob_revision request entryId=fil_c9b1b767-4be3-413e-8f0e-daf1df75e6ce localPath=Rolay/150911/АГиТДУ/Практика/17.04.2026/image-2.png hash=sha256:Noh3YilI4EPyjkFO9Z9o6w7rsyY9yc/ALPY8bqsbuX8= sizeBytes=5728 entryVersion=1 path=АГиТДУ/Практика/17.04.2026/image-2.png
[2026-05-05T00:13:39.231Z] presence/info: Subscribed to note presence for room ws_c3f3722a-8d5c-4545-98b7-022ff4ff5768.
[2026-05-05T00:13:39.308Z] ops/info: Operation d5bd176b-783a-4339-8f63-3262c6786d60 applied at event 394.
[2026-05-05T00:13:39.308Z] blob-trace/info: [ws_c3f3722a-8d5c-4545-98b7-022ff4ff5768] upload-ticket request entryId=fil_03566b33-12c3-4daa-9bba-a01637442df7 localPath=Rolay/150911/Матан/Практика/image.png serverPath=Матан/Практика/image.png hash=sha256:LR4bIMCL7QAVJdkL4+y19SiHJvldv7NsdONpeGreAVU= sizeBytes=415296 mimeType=image/png
[2026-05-05T00:13:39.309Z] ops/info: Sending commit_blob_revision (cead2136-379c-4002-b6aa-80682aaf8fd0) for commit blob revision АГиТДУ/Практика/image.png.
[2026-05-05T00:13:39.368Z] sse/info: [ws_c3f3722a-8d5c-4545-98b7-022ff4ff5768] Event 395: blob.revision.committed
[2026-05-05T00:13:39.386Z] blob-trace/info: [ws_c3f3722a-8d5c-4545-98b7-022ff4ff5768] upload-ticket response entryId=fil_03566b33-12c3-4daa-9bba-a01637442df7 localPath=Rolay/150911/Матан/Практика/image.png serverPath=Матан/Практика/image.png status=200 requestId=req-1z3n alreadyExists=true uploadId=undefined uploadedBytes=415296 sizeBytes=415296 hash=sha256:LR4bIMCL7QAVJdkL4+y19SiHJvldv7NsdONpeGreAVU=
[2026-05-05T00:13:39.386Z] blob-trace/info: [ws_c3f3722a-8d5c-4545-98b7-022ff4ff5768] commit_blob_revision request entryId=fil_03566b33-12c3-4daa-9bba-a01637442df7 localPath=Rolay/150911/Матан/Практика/image.png hash=sha256:LR4bIMCL7QAVJdkL4+y19SiHJvldv7NsdONpeGreAVU= sizeBytes=415296 entryVersion=0 path=Матан/Практика/image.png
[2026-05-05T00:13:39.480Z] blob-trace/info: [ws_c3f3722a-8d5c-4545-98b7-022ff4ff5768] commit_blob_revision entryId=fil_049a6b3c-923c-47b0-8bfa-d252b29d0b52 hash=sha256:gX5VnEV6Nbom2JPsyIM2jNaTCAX8WGj7KCheSWoxRzw= sizeBytes=1201265 entryVersion=1 path=АГиТДУ/Практика/image.png reason=commit blob revision АГиТДУ/Практика/image.png status=200 requestId=req-1z3m
[2026-05-05T00:13:39.480Z] ops/info: Operation cead2136-379c-4002-b6aa-80682aaf8fd0 applied at event 395.
[2026-05-05T00:13:39.480Z] ops/info: Sending create_binary_placeholder (3fa7a773-788c-4d0d-9302-bb121bda842d) for local binary placeholder Матан/Практика/image-1.png.
[2026-05-05T00:13:39.481Z] blob/info: [ws_c3f3722a-8d5c-4545-98b7-022ff4ff5768] Uploaded АГиТДУ/Практика/image.png (1.15 MB, sha256:gX5VnEV6Nbom...).
[2026-05-05T00:13:39.481Z] blob-trace/info: [ws_c3f3722a-8d5c-4545-98b7-022ff4ff5768] upload complete entryId=fil_049a6b3c-923c-47b0-8bfa-d252b29d0b52 localPath=Rolay/150911/АГиТДУ/Практика/image.png hash=sha256:gX5VnEV6Nbom2JPsyIM2jNaTCAX8WGj7KCheSWoxRzw= sizeBytes=1201265 results=1
[2026-05-05T00:13:39.540Z] sse/info: [ws_c3f3722a-8d5c-4545-98b7-022ff4ff5768] Event 396: tree.entry.created
[2026-05-05T00:13:39.646Z] ops/info: Operation 3fa7a773-788c-4d0d-9302-bb121bda842d applied at event 396.
[2026-05-05T00:13:39.646Z] blob-trace/info: [ws_c3f3722a-8d5c-4545-98b7-022ff4ff5768] upload-ticket request entryId=fil_b173b79b-5656-4e5f-a746-b2755bd4ea4e localPath=Rolay/150911/Матан/Практика/image-1.png serverPath=Матан/Практика/image-1.png hash=sha256:fbB5KhgwWcdLvdRhqoEVNNPHh7vOQX8B1VBTrcNGvns= sizeBytes=1217147 mimeType=image/png
[2026-05-05T00:13:39.647Z] ops/info: Sending commit_blob_revision (e2d8cfef-fbc6-4d58-a414-efe3f5546498) for commit blob revision АГиТДУ/Практика/17.04.2026/image.png.
[2026-05-05T00:13:39.691Z] tree/info: Fetched snapshot for main150911 with 163 entries (post-connect-binary-followup).
[2026-05-05T00:13:39.720Z] blob-trace/info: [ws_c3f3722a-8d5c-4545-98b7-022ff4ff5768] upload-ticket response entryId=fil_b173b79b-5656-4e5f-a746-b2755bd4ea4e localPath=Rolay/150911/Матан/Практика/image-1.png serverPath=Матан/Практика/image-1.png status=200 requestId=req-1z3q alreadyExists=true uploadId=undefined uploadedBytes=1217147 sizeBytes=1217147 hash=sha256:fbB5KhgwWcdLvdRhqoEVNNPHh7vOQX8B1VBTrcNGvns=
[2026-05-05T00:13:39.720Z] blob-trace/info: [ws_c3f3722a-8d5c-4545-98b7-022ff4ff5768] commit_blob_revision request entryId=fil_b173b79b-5656-4e5f-a746-b2755bd4ea4e localPath=Rolay/150911/Матан/Практика/image-1.png hash=sha256:fbB5KhgwWcdLvdRhqoEVNNPHh7vOQX8B1VBTrcNGvns= sizeBytes=1217147 entryVersion=0 path=Матан/Практика/image-1.png
[2026-05-05T00:13:39.722Z] sse/info: [ws_c3f3722a-8d5c-4545-98b7-022ff4ff5768] Event 397: blob.revision.committed
[2026-05-05T00:13:39.735Z] crdt/info: [ws_c3f3722a-8d5c-4545-98b7-022ff4ff5768] Preloading 44 markdown document(s) via HTTP bootstrap metadata + state batches (post-connect-binary-followup).
[2026-05-05T00:13:39.857Z] blob-trace/info: [ws_c3f3722a-8d5c-4545-98b7-022ff4ff5768] commit_blob_revision entryId=fil_41ccbe15-8009-47d3-b605-3e4337b8b4b8 hash=sha256:gX5VnEV6Nbom2JPsyIM2jNaTCAX8WGj7KCheSWoxRzw= sizeBytes=1201265 entryVersion=1 path=АГиТДУ/Практика/17.04.2026/image.png reason=commit blob revision АГиТДУ/Практика/17.04.2026/image.png status=200 requestId=req-1z3r
[2026-05-05T00:13:39.857Z] ops/info: Operation e2d8cfef-fbc6-4d58-a414-efe3f5546498 applied at event 397.
[2026-05-05T00:13:39.858Z] ops/info: Sending commit_blob_revision (ae57fd73-b9cd-4466-bd14-cd27a11973ff) for commit blob revision АГиТДУ/Практика/17.04.2026/image-1.png.
[2026-05-05T00:13:39.858Z] blob/info: [ws_c3f3722a-8d5c-4545-98b7-022ff4ff5768] Uploaded АГиТДУ/Практика/17.04.2026/image.png (1.15 MB, sha256:gX5VnEV6Nbom...).
[2026-05-05T00:13:39.858Z] blob-trace/info: [ws_c3f3722a-8d5c-4545-98b7-022ff4ff5768] upload complete entryId=fil_41ccbe15-8009-47d3-b605-3e4337b8b4b8 localPath=Rolay/150911/АГиТДУ/Практика/17.04.2026/image.png hash=sha256:gX5VnEV6Nbom2JPsyIM2jNaTCAX8WGj7KCheSWoxRzw= sizeBytes=1201265 results=1
[2026-05-05T00:13:39.917Z] sse/info: [ws_c3f3722a-8d5c-4545-98b7-022ff4ff5768] Event 398: blob.revision.committed
[2026-05-05T00:13:40.041Z] blob-trace/info: [ws_c3f3722a-8d5c-4545-98b7-022ff4ff5768] commit_blob_revision entryId=fil_2e4dd049-3162-4639-b134-0816f4c94b45 hash=sha256:tsMUMhCm7589u8TiCw0sEOidz+fmsWPKPxuWUIxzk4w= sizeBytes=1406706 entryVersion=1 path=АГиТДУ/Практика/17.04.2026/image-1.png reason=commit blob revision АГиТДУ/Практика/17.04.2026/image-1.png status=200 requestId=req-1z3t
[2026-05-05T00:13:40.042Z] ops/info: Operation ae57fd73-b9cd-4466-bd14-cd27a11973ff applied at event 398.
[2026-05-05T00:13:40.042Z] ops/info: Sending commit_blob_revision (d29b5353-c8bc-4377-a9d9-7b9a37eeb055) for commit blob revision АГиТДУ/Практика/17.04.2026/image-2.png.
[2026-05-05T00:13:40.042Z] blob/info: [ws_c3f3722a-8d5c-4545-98b7-022ff4ff5768] Uploaded АГиТДУ/Практика/17.04.2026/image-1.png (1.34 MB, sha256:tsMUMhCm7589...).
[2026-05-05T00:13:40.042Z] blob-trace/info: [ws_c3f3722a-8d5c-4545-98b7-022ff4ff5768] upload complete entryId=fil_2e4dd049-3162-4639-b134-0816f4c94b45 localPath=Rolay/150911/АГиТДУ/Практика/17.04.2026/image-1.png hash=sha256:tsMUMhCm7589u8TiCw0sEOidz+fmsWPKPxuWUIxzk4w= sizeBytes=1406706 results=1
[2026-05-05T00:13:40.099Z] sse/info: [ws_c3f3722a-8d5c-4545-98b7-022ff4ff5768] Event 399: blob.revision.committed
[2026-05-05T00:13:40.474Z] crdt/info: [ws_c3f3722a-8d5c-4545-98b7-022ff4ff5768] Left local markdown АГиТДУ/Лекция/17.04.md untouched during preload because it diverged from the last known cached content.
[2026-05-05T00:13:40.477Z] crdt/info: [ws_c3f3722a-8d5c-4545-98b7-022ff4ff5768] Left local markdown АГиТДУ/Практика/10.04.2026.md untouched during preload because it diverged from the last known cached content.
[2026-05-05T00:13:40.478Z] blob-trace/info: [ws_c3f3722a-8d5c-4545-98b7-022ff4ff5768] commit_blob_revision entryId=fil_c9b1b767-4be3-413e-8f0e-daf1df75e6ce hash=sha256:Noh3YilI4EPyjkFO9Z9o6w7rsyY9yc/ALPY8bqsbuX8= sizeBytes=5728 entryVersion=1 path=АГиТДУ/Практика/17.04.2026/image-2.png reason=commit blob revision АГиТДУ/Практика/17.04.2026/image-2.png status=200 requestId=req-1z3w
[2026-05-05T00:13:40.478Z] ops/info: Operation d29b5353-c8bc-4377-a9d9-7b9a37eeb055 applied at event 399.
[2026-05-05T00:13:40.478Z] ops/info: Sending commit_blob_revision (f17d6e04-6db0-45bd-9c45-8c1ec1c515d0) for commit blob revision Матан/Практика/image.png.
[2026-05-05T00:13:40.478Z] blob/info: [ws_c3f3722a-8d5c-4545-98b7-022ff4ff5768] Uploaded АГиТДУ/Практика/17.04.2026/image-2.png (5.59 KB, sha256:Noh3YilI4EPy...).
[2026-05-05T00:13:40.478Z] blob-trace/info: [ws_c3f3722a-8d5c-4545-98b7-022ff4ff5768] upload complete entryId=fil_c9b1b767-4be3-413e-8f0e-daf1df75e6ce localPath=Rolay/150911/АГиТДУ/Практика/17.04.2026/image-2.png hash=sha256:Noh3YilI4EPyjkFO9Z9o6w7rsyY9yc/ALPY8bqsbuX8= sizeBytes=5728 results=1
[2026-05-05T00:13:40.548Z] sse/info: [ws_c3f3722a-8d5c-4545-98b7-022ff4ff5768] Event 400: blob.revision.committed
[2026-05-05T00:13:40.658Z] blob-trace/info: [ws_c3f3722a-8d5c-4545-98b7-022ff4ff5768] commit_blob_revision entryId=fil_03566b33-12c3-4daa-9bba-a01637442df7 hash=sha256:LR4bIMCL7QAVJdkL4+y19SiHJvldv7NsdONpeGreAVU= sizeBytes=415296 entryVersion=0 path=Матан/Практика/image.png reason=commit blob revision Матан/Практика/image.png status=200 requestId=req-1z3y
[2026-05-05T00:13:40.658Z] ops/info: Operation f17d6e04-6db0-45bd-9c45-8c1ec1c515d0 applied at event 400.
[2026-05-05T00:13:40.658Z] ops/info: Sending commit_blob_revision (1ac2c2ec-d681-46ad-a022-28bfed5a7e21) for commit blob revision Матан/Практика/image-1.png.
[2026-05-05T00:13:40.658Z] blob/info: [ws_c3f3722a-8d5c-4545-98b7-022ff4ff5768] Uploaded Матан/Практика/image.png (406 KB, sha256:LR4bIMCL7QAV...).
[2026-05-05T00:13:40.659Z] blob-trace/info: [ws_c3f3722a-8d5c-4545-98b7-022ff4ff5768] upload complete entryId=fil_03566b33-12c3-4daa-9bba-a01637442df7 localPath=Rolay/150911/Матан/Практика/image.png hash=sha256:LR4bIMCL7QAVJdkL4+y19SiHJvldv7NsdONpeGreAVU= sizeBytes=415296 results=1
[2026-05-05T00:13:40.715Z] sse/info: [ws_c3f3722a-8d5c-4545-98b7-022ff4ff5768] Event 401: blob.revision.committed
[2026-05-05T00:13:40.748Z] crdt/info: [ws_c3f3722a-8d5c-4545-98b7-022ff4ff5768] Left local markdown Физика/Лекции/Лекция 13.03/Лекция 13.03.md untouched during preload because it diverged from the last known cached content.
[2026-05-05T00:13:40.849Z] blob-trace/info: [ws_c3f3722a-8d5c-4545-98b7-022ff4ff5768] commit_blob_revision entryId=fil_b173b79b-5656-4e5f-a746-b2755bd4ea4e hash=sha256:fbB5KhgwWcdLvdRhqoEVNNPHh7vOQX8B1VBTrcNGvns= sizeBytes=1217147 entryVersion=0 path=Матан/Практика/image-1.png reason=commit blob revision Матан/Практика/image-1.png status=200 requestId=req-1z40
[2026-05-05T00:13:40.849Z] ops/info: Operation 1ac2c2ec-d681-46ad-a022-28bfed5a7e21 applied at event 401.
[2026-05-05T00:13:40.850Z] blob/info: [ws_c3f3722a-8d5c-4545-98b7-022ff4ff5768] Uploaded Матан/Практика/image-1.png (1.16 MB, sha256:fbB5KhgwWcdL...).
[2026-05-05T00:13:40.850Z] blob-trace/info: [ws_c3f3722a-8d5c-4545-98b7-022ff4ff5768] upload complete entryId=fil_b173b79b-5656-4e5f-a746-b2755bd4ea4e localPath=Rolay/150911/Матан/Практика/image-1.png hash=sha256:fbB5KhgwWcdLvdRhqoEVNNPHh7vOQX8B1VBTrcNGvns= sizeBytes=1217147 results=1
[2026-05-05T00:13:41.213Z] crdt/info: [ws_c3f3722a-8d5c-4545-98b7-022ff4ff5768] Left local markdown Misc/test.md untouched during preload because it diverged from the last known cached content.
[2026-05-05T00:13:41.250Z] crdt/info: [ws_c3f3722a-8d5c-4545-98b7-022ff4ff5768] HTTP markdown bootstrap stored 44 markdown document(s) with 1.17 MB downloaded.
[2026-05-05T00:13:41.832Z] tree/info: Fetched snapshot for main150911 with 163 entries (event-stream).
[2026-05-05T00:13:41.884Z] crdt/info: [ws_c3f3722a-8d5c-4545-98b7-022ff4ff5768] Preloading 44 markdown document(s) via HTTP bootstrap metadata + state batches (event-stream).
[2026-05-05T00:13:42.291Z] crdt/info: [ws_c3f3722a-8d5c-4545-98b7-022ff4ff5768] Left local markdown АГиТДУ/Лекция/17.04.md untouched during preload because it diverged from the last known cached content.
[2026-05-05T00:13:42.295Z] crdt/info: [ws_c3f3722a-8d5c-4545-98b7-022ff4ff5768] Left local markdown АГиТДУ/Практика/10.04.2026.md untouched during preload because it diverged from the last known cached content.
[2026-05-05T00:13:42.584Z] crdt/info: [ws_c3f3722a-8d5c-4545-98b7-022ff4ff5768] Left local markdown Физика/Лекции/Лекция 13.03/Лекция 13.03.md untouched during preload because it diverged from the last known cached content.
[2026-05-05T00:13:43.156Z] crdt/info: [ws_c3f3722a-8d5c-4545-98b7-022ff4ff5768] Left local markdown Misc/test.md untouched during preload because it diverged from the last known cached content.
[2026-05-05T00:13:43.187Z] crdt/info: [ws_c3f3722a-8d5c-4545-98b7-022ff4ff5768] HTTP markdown bootstrap stored 44 markdown document(s) with 1.17 MB downloaded.
[2026-05-05T00:13:44.781Z] crdt/info: [ws_c3f3722a-8d5c-4545-98b7-022ff4ff5768] Left local markdown АГиТДУ/Лекция/17.04.md untouched during preload because it diverged from the last known cached content.
[2026-05-05T00:13:44.784Z] crdt/info: [ws_c3f3722a-8d5c-4545-98b7-022ff4ff5768] Left local markdown АГиТДУ/Практика/10.04.2026.md untouched during preload because it diverged from the last known cached content.
[2026-05-05T00:13:45.049Z] crdt/info: [ws_c3f3722a-8d5c-4545-98b7-022ff4ff5768] Left local markdown Физика/Лекции/Лекция 13.03/Лекция 13.03.md untouched during preload because it diverged from the last known cached content.
[2026-05-05T00:13:45.523Z] crdt/info: [ws_c3f3722a-8d5c-4545-98b7-022ff4ff5768] Left local markdown Misc/test.md untouched during preload because it diverged from the last known cached content.
[2026-05-05T00:13:45.524Z] crdt/info: [ws_c3f3722a-8d5c-4545-98b7-022ff4ff5768] Refreshed 40/44 closed markdown document(s) via HTTP bootstrap (post-snapshot-background-refresh, 0 state update(s)).
[2026-05-05T00:13:49.286Z] crdt/info: [ws_c3f3722a-8d5c-4545-98b7-022ff4ff5768] Preloading 4 markdown document(s) via HTTP bootstrap metadata + state batches (locked-retry).
[2026-05-05T00:13:49.427Z] crdt/info: [ws_c3f3722a-8d5c-4545-98b7-022ff4ff5768] Left local markdown АГиТДУ/Лекция/17.04.md untouched during preload because it diverged from the last known cached content.
[2026-05-05T00:13:49.428Z] crdt/info: [ws_c3f3722a-8d5c-4545-98b7-022ff4ff5768] Left local markdown АГиТДУ/Практика/10.04.2026.md untouched during preload because it diverged from the last known cached content.
[2026-05-05T00:13:49.429Z] crdt/info: [ws_c3f3722a-8d5c-4545-98b7-022ff4ff5768] Left local markdown Физика/Лекции/Лекция 13.03/Лекция 13.03.md untouched during preload because it diverged from the last known cached content.
[2026-05-05T00:13:49.430Z] crdt/info: [ws_c3f3722a-8d5c-4545-98b7-022ff4ff5768] Left local markdown Misc/test.md untouched during preload because it diverged from the last known cached content.
[2026-05-05T00:13:49.454Z] crdt/info: [ws_c3f3722a-8d5c-4545-98b7-022ff4ff5768] HTTP markdown bootstrap stored 4 markdown document(s) with 19.3 KB downloaded.
[2026-05-05T00:13:50.947Z] crdt/info: [ws_c3f3722a-8d5c-4545-98b7-022ff4ff5768] Left local markdown АГиТДУ/Лекция/17.04.md untouched during preload because it diverged from the last known cached content.
[2026-05-05T00:13:50.950Z] crdt/info: [ws_c3f3722a-8d5c-4545-98b7-022ff4ff5768] Left local markdown АГиТДУ/Практика/10.04.2026.md untouched during preload because it diverged from the last known cached content.
[2026-05-05T00:13:51.190Z] crdt/info: [ws_c3f3722a-8d5c-4545-98b7-022ff4ff5768] Left local markdown Физика/Лекции/Лекция 13.03/Лекция 13.03.md untouched during preload because it diverged from the last known cached content.
[2026-05-05T00:13:51.681Z] crdt/info: [ws_c3f3722a-8d5c-4545-98b7-022ff4ff5768] Left local markdown Misc/test.md untouched during preload because it diverged from the last known cached content.
[2026-05-05T00:13:51.682Z] crdt/info: [ws_c3f3722a-8d5c-4545-98b7-022ff4ff5768] Refreshed 40/44 closed markdown document(s) via HTTP bootstrap (background-markdown, 0 state update(s)).
[2026-05-05T00:13:57.032Z] crdt/info: [ws_c3f3722a-8d5c-4545-98b7-022ff4ff5768] Left local markdown АГиТДУ/Лекция/17.04.md untouched during preload because it diverged from the last known cached content.
[2026-05-05T00:13:57.035Z] crdt/info: [ws_c3f3722a-8d5c-4545-98b7-022ff4ff5768] Left local markdown АГиТДУ/Практика/10.04.2026.md untouched during preload because it diverged from the last known cached content.
[2026-05-05T00:13:57.285Z] crdt/info: [ws_c3f3722a-8d5c-4545-98b7-022ff4ff5768] Left local markdown Физика/Лекции/Лекция 13.03/Лекция 13.03.md untouched during preload because it diverged from the last known cached content.
[2026-05-05T00:13:57.556Z] crdt/info: [ws_c3f3722a-8d5c-4545-98b7-022ff4ff5768] Preloading 4 markdown document(s) via HTTP bootstrap metadata + state batches (locked-retry).
[2026-05-05T00:13:57.691Z] crdt/info: [ws_c3f3722a-8d5c-4545-98b7-022ff4ff5768] Left local markdown АГиТДУ/Лекция/17.04.md untouched during preload because it diverged from the last known cached content.
[2026-05-05T00:13:57.692Z] crdt/info: [ws_c3f3722a-8d5c-4545-98b7-022ff4ff5768] Left local markdown АГиТДУ/Практика/10.04.2026.md untouched during preload because it diverged from the last known cached content.
[2026-05-05T00:13:57.694Z] crdt/info: [ws_c3f3722a-8d5c-4545-98b7-022ff4ff5768] Left local markdown Физика/Лекции/Лекция 13.03/Лекция 13.03.md untouched during preload because it diverged from the last known cached content.
[2026-05-05T00:13:57.695Z] crdt/info: [ws_c3f3722a-8d5c-4545-98b7-022ff4ff5768] Left local markdown Misc/test.md untouched during preload because it diverged from the last known cached content.
[2026-05-05T00:13:57.733Z] crdt/info: [ws_c3f3722a-8d5c-4545-98b7-022ff4ff5768] HTTP markdown bootstrap stored 4 markdown document(s) with 19.3 KB downloaded.
[2026-05-05T00:13:57.780Z] crdt/info: [ws_c3f3722a-8d5c-4545-98b7-022ff4ff5768] Left local markdown Misc/test.md untouched during preload because it diverged from the last known cached content.
[2026-05-05T00:13:57.780Z] crdt/info: [ws_c3f3722a-8d5c-4545-98b7-022ff4ff5768] Refreshed 40/44 closed markdown document(s) via HTTP bootstrap (background-markdown, 0 state update(s)).
[2026-05-05T00:14:03.187Z] crdt/info: [ws_c3f3722a-8d5c-4545-98b7-022ff4ff5768] Left local markdown АГиТДУ/Лекция/17.04.md untouched during preload because it diverged from the last known cached content.
[2026-05-05T00:14:03.189Z] crdt/info: [ws_c3f3722a-8d5c-4545-98b7-022ff4ff5768] Left local markdown АГиТДУ/Практика/10.04.2026.md untouched during preload because it diverged from the last known cached content.
[2026-05-05T00:14:03.408Z] crdt/info: [ws_c3f3722a-8d5c-4545-98b7-022ff4ff5768] Left local markdown Физика/Лекции/Лекция 13.03/Лекция 13.03.md untouched during preload because it diverged from the last known cached content.
[2026-05-05T00:14:03.901Z] crdt/info: [ws_c3f3722a-8d5c-4545-98b7-022ff4ff5768] Left local markdown Misc/test.md untouched during preload because it diverged from the last known cached content.
[2026-05-05T00:14:03.902Z] crdt/info: [ws_c3f3722a-8d5c-4545-98b7-022ff4ff5768] Refreshed 40/44 closed markdown document(s) via HTTP bootstrap (background-markdown, 0 state update(s)).
[2026-05-05T00:14:05.785Z] crdt/info: [ws_c3f3722a-8d5c-4545-98b7-022ff4ff5768] Preloading 4 markdown document(s) via HTTP bootstrap metadata + state batches (locked-retry).
[2026-05-05T00:14:05.945Z] crdt/info: [ws_c3f3722a-8d5c-4545-98b7-022ff4ff5768] Left local markdown АГиТДУ/Лекция/17.04.md untouched during preload because it diverged from the last known cached content.
[2026-05-05T00:14:05.947Z] crdt/info: [ws_c3f3722a-8d5c-4545-98b7-022ff4ff5768] Left local markdown АГиТДУ/Практика/10.04.2026.md untouched during preload because it diverged from the last known cached content.
[2026-05-05T00:14:05.950Z] crdt/info: [ws_c3f3722a-8d5c-4545-98b7-022ff4ff5768] Left local markdown Физика/Лекции/Лекция 13.03/Лекция 13.03.md untouched during preload because it diverged from the last known cached content.
[2026-05-05T00:14:05.952Z] crdt/info: [ws_c3f3722a-8d5c-4545-98b7-022ff4ff5768] Left local markdown Misc/test.md untouched during preload because it diverged from the last known cached content.
[2026-05-05T00:14:05.986Z] crdt/info: [ws_c3f3722a-8d5c-4545-98b7-022ff4ff5768] HTTP markdown bootstrap stored 4 markdown document(s) with 19.3 KB downloaded.
[2026-05-05T00:14:09.327Z] crdt/info: [ws_c3f3722a-8d5c-4545-98b7-022ff4ff5768] Left local markdown АГиТДУ/Лекция/17.04.md untouched during preload because it diverged from the last known cached content.
[2026-05-05T00:14:09.331Z] crdt/info: [ws_c3f3722a-8d5c-4545-98b7-022ff4ff5768] Left local markdown АГиТДУ/Практика/10.04.2026.md untouched during preload because it diverged from the last known cached content.
[2026-05-05T00:14:09.568Z] crdt/info: [ws_c3f3722a-8d5c-4545-98b7-022ff4ff5768] Left local markdown Физика/Лекции/Лекция 13.03/Лекция 13.03.md untouched during preload because it diverged from the last known cached content.
[2026-05-05T00:14:10.032Z] crdt/info: [ws_c3f3722a-8d5c-4545-98b7-022ff4ff5768] Left local markdown Misc/test.md untouched during preload because it diverged from the last known cached content.
[2026-05-05T00:14:10.033Z] crdt/info: [ws_c3f3722a-8d5c-4545-98b7-022ff4ff5768] Refreshed 40/44 closed markdown document(s) via HTTP bootstrap (background-markdown, 0 state update(s)).
[2026-05-05T00:14:14.031Z] crdt/info: [ws_c3f3722a-8d5c-4545-98b7-022ff4ff5768] Preloading 4 markdown document(s) via HTTP bootstrap metadata + state batches (locked-retry).
[2026-05-05T00:14:14.171Z] crdt/info: [ws_c3f3722a-8d5c-4545-98b7-022ff4ff5768] Left local markdown АГиТДУ/Лекция/17.04.md untouched during preload because it diverged from the last known cached content.
[2026-05-05T00:14:14.172Z] crdt/info: [ws_c3f3722a-8d5c-4545-98b7-022ff4ff5768] Left local markdown АГиТДУ/Практика/10.04.2026.md untouched during preload because it diverged from the last known cached content.
[2026-05-05T00:14:14.174Z] crdt/info: [ws_c3f3722a-8d5c-4545-98b7-022ff4ff5768] Left local markdown Физика/Лекции/Лекция 13.03/Лекция 13.03.md untouched during preload because it diverged from the last known cached content.
[2026-05-05T00:14:14.175Z] crdt/info: [ws_c3f3722a-8d5c-4545-98b7-022ff4ff5768] Left local markdown Misc/test.md untouched during preload because it diverged from the last known cached content.
[2026-05-05T00:14:14.206Z] crdt/info: [ws_c3f3722a-8d5c-4545-98b7-022ff4ff5768] HTTP markdown bootstrap stored 4 markdown document(s) with 19.3 KB downloaded.
[2026-05-05T00:14:15.419Z] crdt/info: [ws_c3f3722a-8d5c-4545-98b7-022ff4ff5768] Left local markdown АГиТДУ/Лекция/17.04.md untouched during preload because it diverged from the last known cached content.
[2026-05-05T00:14:15.422Z] crdt/info: [ws_c3f3722a-8d5c-4545-98b7-022ff4ff5768] Left local markdown АГиТДУ/Практика/10.04.2026.md untouched during preload because it diverged from the last known cached content.
[2026-05-05T00:14:15.642Z] crdt/info: [ws_c3f3722a-8d5c-4545-98b7-022ff4ff5768] Left local markdown Физика/Лекции/Лекция 13.03/Лекция 13.03.md untouched during preload because it diverged from the last known cached content.
[2026-05-05T00:14:16.114Z] crdt/info: [ws_c3f3722a-8d5c-4545-98b7-022ff4ff5768] Left local markdown Misc/test.md untouched during preload because it diverged from the last known cached content.
[2026-05-05T00:14:16.114Z] crdt/info: [ws_c3f3722a-8d5c-4545-98b7-022ff4ff5768] Refreshed 40/44 closed markdown document(s) via HTTP bootstrap (background-markdown, 0 state update(s)).
[2026-05-05T00:14:21.515Z] crdt/info: [ws_c3f3722a-8d5c-4545-98b7-022ff4ff5768] Left local markdown АГиТДУ/Лекция/17.04.md untouched during preload because it diverged from the last known cached content.
[2026-05-05T00:14:21.517Z] crdt/info: [ws_c3f3722a-8d5c-4545-98b7-022ff4ff5768] Left local markdown АГиТДУ/Практика/10.04.2026.md untouched during preload because it diverged from the last known cached content.
[2026-05-05T00:14:21.743Z] crdt/info: [ws_c3f3722a-8d5c-4545-98b7-022ff4ff5768] Left local markdown Физика/Лекции/Лекция 13.03/Лекция 13.03.md untouched during preload because it diverged from the last known cached content.
[2026-05-05T00:14:22.237Z] crdt/info: [ws_c3f3722a-8d5c-4545-98b7-022ff4ff5768] Preloading 4 markdown document(s) via HTTP bootstrap metadata + state batches (locked-retry).
[2026-05-05T00:14:22.312Z] crdt/info: [ws_c3f3722a-8d5c-4545-98b7-022ff4ff5768] Left local markdown Misc/test.md untouched during preload because it diverged from the last known cached content.
[2026-05-05T00:14:22.314Z] crdt/info: [ws_c3f3722a-8d5c-4545-98b7-022ff4ff5768] Refreshed 40/44 closed markdown document(s) via HTTP bootstrap (background-markdown, 0 state update(s)).
[2026-05-05T00:14:22.382Z] crdt/info: [ws_c3f3722a-8d5c-4545-98b7-022ff4ff5768] Left local markdown АГиТДУ/Лекция/17.04.md untouched during preload because it diverged from the last known cached content.
[2026-05-05T00:14:22.383Z] crdt/info: [ws_c3f3722a-8d5c-4545-98b7-022ff4ff5768] Left local markdown АГиТДУ/Практика/10.04.2026.md untouched during preload because it diverged from the last known cached content.
[2026-05-05T00:14:22.384Z] crdt/info: [ws_c3f3722a-8d5c-4545-98b7-022ff4ff5768] Left local markdown Физика/Лекции/Лекция 13.03/Лекция 13.03.md untouched during preload because it diverged from the last known cached content.
[2026-05-05T00:14:22.385Z] crdt/info: [ws_c3f3722a-8d5c-4545-98b7-022ff4ff5768] Left local markdown Misc/test.md untouched during preload because it diverged from the last known cached content.
[2026-05-05T00:14:22.397Z] crdt/info: [ws_c3f3722a-8d5c-4545-98b7-022ff4ff5768] HTTP markdown bootstrap stored 4 markdown document(s) with 19.3 KB downloaded.
[2026-05-05T00:14:27.701Z] crdt/info: [ws_c3f3722a-8d5c-4545-98b7-022ff4ff5768] Left local markdown АГиТДУ/Лекция/17.04.md untouched during preload because it diverged from the last known cached content.
[2026-05-05T00:14:27.704Z] crdt/info: [ws_c3f3722a-8d5c-4545-98b7-022ff4ff5768] Left local markdown АГиТДУ/Практика/10.04.2026.md untouched during preload because it diverged from the last known cached content.
[2026-05-05T00:14:27.933Z] crdt/info: [ws_c3f3722a-8d5c-4545-98b7-022ff4ff5768] Left local markdown Физика/Лекции/Лекция 13.03/Лекция 13.03.md untouched during preload because it diverged from the last known cached content.
[2026-05-05T00:14:28.484Z] crdt/info: [ws_c3f3722a-8d5c-4545-98b7-022ff4ff5768] Left local markdown Misc/test.md untouched during preload because it diverged from the last known cached content.
[2026-05-05T00:14:28.485Z] crdt/info: [ws_c3f3722a-8d5c-4545-98b7-022ff4ff5768] Refreshed 40/44 closed markdown document(s) via HTTP bootstrap (background-markdown, 0 state update(s)).
[2026-05-05T00:14:30.435Z] crdt/info: [ws_c3f3722a-8d5c-4545-98b7-022ff4ff5768] Preloading 4 markdown document(s) via HTTP bootstrap metadata + state batches (locked-retry).
[2026-05-05T00:14:30.576Z] crdt/info: [ws_c3f3722a-8d5c-4545-98b7-022ff4ff5768] Left local markdown АГиТДУ/Лекция/17.04.md untouched during preload because it diverged from the last known cached content.
[2026-05-05T00:14:30.577Z] crdt/info: [ws_c3f3722a-8d5c-4545-98b7-022ff4ff5768] Left local markdown АГиТДУ/Практика/10.04.2026.md untouched during preload because it diverged from the last known cached content.
[2026-05-05T00:14:30.579Z] crdt/info: [ws_c3f3722a-8d5c-4545-98b7-022ff4ff5768] Left local markdown Физика/Лекции/Лекция 13.03/Лекция 13.03.md untouched during preload because it diverged from the last known cached content.
[2026-05-05T00:14:30.580Z] crdt/info: [ws_c3f3722a-8d5c-4545-98b7-022ff4ff5768] Left local markdown Misc/test.md untouched during preload because it diverged from the last known cached content.
[2026-05-05T00:14:30.611Z] crdt/info: [ws_c3f3722a-8d5c-4545-98b7-022ff4ff5768] HTTP markdown bootstrap stored 4 markdown document(s) with 19.3 KB downloaded.
[2026-05-05T00:14:33.876Z] crdt/info: [ws_c3f3722a-8d5c-4545-98b7-022ff4ff5768] Left local markdown АГиТДУ/Лекция/17.04.md untouched during preload because it diverged from the last known cached content.
[2026-05-05T00:14:33.879Z] crdt/info: [ws_c3f3722a-8d5c-4545-98b7-022ff4ff5768] Left local markdown АГиТДУ/Практика/10.04.2026.md untouched during preload because it diverged from the last known cached content.
[2026-05-05T00:14:34.104Z] crdt/info: [ws_c3f3722a-8d5c-4545-98b7-022ff4ff5768] Left local markdown Физика/Лекции/Лекция 13.03/Лекция 13.03.md untouched during preload because it diverged from the last known cached content.
[2026-05-05T00:14:34.574Z] crdt/info: [ws_c3f3722a-8d5c-4545-98b7-022ff4ff5768] Left local markdown Misc/test.md untouched during preload because it diverged from the last known cached content.
[2026-05-05T00:14:34.575Z] crdt/info: [ws_c3f3722a-8d5c-4545-98b7-022ff4ff5768] Refreshed 40/44 closed markdown document(s) via HTTP bootstrap (background-markdown, 0 state update(s)).
[2026-05-05T00:14:38.644Z] crdt/info: [ws_c3f3722a-8d5c-4545-98b7-022ff4ff5768] Preloading 4 markdown document(s) via HTTP bootstrap metadata + state batches (locked-retry).
[2026-05-05T00:14:38.785Z] crdt/info: [ws_c3f3722a-8d5c-4545-98b7-022ff4ff5768] Left local markdown АГиТДУ/Лекция/17.04.md untouched during preload because it diverged from the last known cached content.
[2026-05-05T00:14:38.786Z] crdt/info: [ws_c3f3722a-8d5c-4545-98b7-022ff4ff5768] Left local markdown АГиТДУ/Практика/10.04.2026.md untouched during preload because it diverged from the last known cached content.
[2026-05-05T00:14:38.787Z] crdt/info: [ws_c3f3722a-8d5c-4545-98b7-022ff4ff5768] Left local markdown Физика/Лекции/Лекция 13.03/Лекция 13.03.md untouched during preload because it diverged from the last known cached content.
[2026-05-05T00:14:38.788Z] crdt/info: [ws_c3f3722a-8d5c-4545-98b7-022ff4ff5768] Left local markdown Misc/test.md untouched during preload because it diverged from the last known cached content.
[2026-05-05T00:14:38.814Z] crdt/info: [ws_c3f3722a-8d5c-4545-98b7-022ff4ff5768] HTTP markdown bootstrap stored 4 markdown document(s) with 19.3 KB downloaded.
[2026-05-05T00:14:39.974Z] crdt/info: [ws_c3f3722a-8d5c-4545-98b7-022ff4ff5768] Left local markdown АГиТДУ/Лекция/17.04.md untouched during preload because it diverged from the last known cached content.
[2026-05-05T00:14:39.977Z] crdt/info: [ws_c3f3722a-8d5c-4545-98b7-022ff4ff5768] Left local markdown АГиТДУ/Практика/10.04.2026.md untouched during preload because it diverged from the last known cached content.
[2026-05-05T00:14:40.209Z] crdt/info: [ws_c3f3722a-8d5c-4545-98b7-022ff4ff5768] Left local markdown Физика/Лекции/Лекция 13.03/Лекция 13.03.md untouched during preload because it diverged from the last known cached content.
[2026-05-05T00:14:40.681Z] crdt/info: [ws_c3f3722a-8d5c-4545-98b7-022ff4ff5768] Left local markdown Misc/test.md untouched during preload because it diverged from the last known cached content.
[2026-05-05T00:14:40.682Z] crdt/info: [ws_c3f3722a-8d5c-4545-98b7-022ff4ff5768] Refreshed 40/44 closed markdown document(s) via HTTP bootstrap (background-markdown, 0 state update(s)).
[2026-05-05T00:14:46.065Z] crdt/info: [ws_c3f3722a-8d5c-4545-98b7-022ff4ff5768] Left local markdown АГиТДУ/Лекция/17.04.md untouched during preload because it diverged from the last known cached content.
[2026-05-05T00:14:46.067Z] crdt/info: [ws_c3f3722a-8d5c-4545-98b7-022ff4ff5768] Left local markdown АГиТДУ/Практика/10.04.2026.md untouched during preload because it diverged from the last known cached content.
[2026-05-05T00:14:46.291Z] crdt/info: [ws_c3f3722a-8d5c-4545-98b7-022ff4ff5768] Left local markdown Физика/Лекции/Лекция 13.03/Лекция 13.03.md untouched during preload because it diverged from the last known cached content.
[2026-05-05T00:14:46.747Z] crdt/info: [ws_c3f3722a-8d5c-4545-98b7-022ff4ff5768] Left local markdown Misc/test.md untouched during preload because it diverged from the last known cached content.
[2026-05-05T00:14:46.748Z] crdt/info: [ws_c3f3722a-8d5c-4545-98b7-022ff4ff5768] Refreshed 40/44 closed markdown document(s) via HTTP bootstrap (background-markdown, 0 state update(s)).
[2026-05-05T00:14:46.874Z] crdt/info: [ws_c3f3722a-8d5c-4545-98b7-022ff4ff5768] Preloading 4 markdown document(s) via HTTP bootstrap metadata + state batches (locked-retry).
[2026-05-05T00:14:47.013Z] crdt/info: [ws_c3f3722a-8d5c-4545-98b7-022ff4ff5768] Left local markdown АГиТДУ/Лекция/17.04.md untouched during preload because it diverged from the last known cached content.
[2026-05-05T00:14:47.014Z] crdt/info: [ws_c3f3722a-8d5c-4545-98b7-022ff4ff5768] Left local markdown АГиТДУ/Практика/10.04.2026.md untouched during preload because it diverged from the last known cached content.
[2026-05-05T00:14:47.016Z] crdt/info: [ws_c3f3722a-8d5c-4545-98b7-022ff4ff5768] Left local markdown Физика/Лекции/Лекция 13.03/Лекция 13.03.md untouched during preload because it diverged from the last known cached content.
[2026-05-05T00:14:47.017Z] crdt/info: [ws_c3f3722a-8d5c-4545-98b7-022ff4ff5768] Left local markdown Misc/test.md untouched during preload because it diverged from the last known cached content.
[2026-05-05T00:14:47.046Z] crdt/info: [ws_c3f3722a-8d5c-4545-98b7-022ff4ff5768] HTTP markdown bootstrap stored 4 markdown document(s) with 19.3 KB downloaded.
[2026-05-05T00:14:52.152Z] crdt/info: [ws_c3f3722a-8d5c-4545-98b7-022ff4ff5768] Left local markdown АГиТДУ/Лекция/17.04.md untouched during preload because it diverged from the last known cached content.
[2026-05-05T00:14:52.155Z] crdt/info: [ws_c3f3722a-8d5c-4545-98b7-022ff4ff5768] Left local markdown АГиТДУ/Практика/10.04.2026.md untouched during preload because it diverged from the last known cached content.
[2026-05-05T00:14:52.437Z] crdt/info: [ws_c3f3722a-8d5c-4545-98b7-022ff4ff5768] Left local markdown Физика/Лекции/Лекция 13.03/Лекция 13.03.md untouched during preload because it diverged from the last known cached content.
[2026-05-05T00:14:52.900Z] crdt/info: [ws_c3f3722a-8d5c-4545-98b7-022ff4ff5768] Left local markdown Misc/test.md untouched during preload because it diverged from the last known cached content.
[2026-05-05T00:14:52.901Z] crdt/info: [ws_c3f3722a-8d5c-4545-98b7-022ff4ff5768] Refreshed 40/44 closed markdown document(s) via HTTP bootstrap (background-markdown, 0 state update(s)).
[2026-05-05T00:14:55.138Z] crdt/info: [ws_c3f3722a-8d5c-4545-98b7-022ff4ff5768] Preloading 4 markdown document(s) via HTTP bootstrap metadata + state batches (locked-retry).
[2026-05-05T00:14:55.272Z] crdt/info: [ws_c3f3722a-8d5c-4545-98b7-022ff4ff5768] Left local markdown АГиТДУ/Лекция/17.04.md untouched during preload because it diverged from the last known cached content.
[2026-05-05T00:14:55.274Z] crdt/info: [ws_c3f3722a-8d5c-4545-98b7-022ff4ff5768] Left local markdown АГиТДУ/Практика/10.04.2026.md untouched during preload because it diverged from the last known cached content.
[2026-05-05T00:14:55.277Z] crdt/info: [ws_c3f3722a-8d5c-4545-98b7-022ff4ff5768] Left local markdown Физика/Лекции/Лекция 13.03/Лекция 13.03.md untouched during preload because it diverged from the last known cached content.
[2026-05-05T00:14:55.278Z] crdt/info: [ws_c3f3722a-8d5c-4545-98b7-022ff4ff5768] Left local markdown Misc/test.md untouched during preload because it diverged from the last known cached content.
[2026-05-05T00:14:55.313Z] crdt/info: [ws_c3f3722a-8d5c-4545-98b7-022ff4ff5768] HTTP markdown bootstrap stored 4 markdown document(s) with 19.3 KB downloaded.
[2026-05-05T00:14:58.291Z] crdt/info: [ws_c3f3722a-8d5c-4545-98b7-022ff4ff5768] Left local markdown АГиТДУ/Лекция/17.04.md untouched during preload because it diverged from the last known cached content.
[2026-05-05T00:14:58.293Z] crdt/info: [ws_c3f3722a-8d5c-4545-98b7-022ff4ff5768] Left local markdown АГиТДУ/Практика/10.04.2026.md untouched during preload because it diverged from the last known cached content.
[2026-05-05T00:14:58.518Z] crdt/info: [ws_c3f3722a-8d5c-4545-98b7-022ff4ff5768] Left local markdown Физика/Лекции/Лекция 13.03/Лекция 13.03.md untouched during preload because it diverged from the last known cached content.
[2026-05-05T00:14:58.987Z] crdt/info: [ws_c3f3722a-8d5c-4545-98b7-022ff4ff5768] Left local markdown Misc/test.md untouched during preload because it diverged from the last known cached content.
[2026-05-05T00:14:58.987Z] crdt/info: [ws_c3f3722a-8d5c-4545-98b7-022ff4ff5768] Refreshed 40/44 closed markdown document(s) via HTTP bootstrap (background-markdown, 0 state update(s)).
[2026-05-05T00:15:03.379Z] crdt/info: [ws_c3f3722a-8d5c-4545-98b7-022ff4ff5768] Preloading 4 markdown document(s) via HTTP bootstrap metadata + state batches (locked-retry).
[2026-05-05T00:15:03.520Z] crdt/info: [ws_c3f3722a-8d5c-4545-98b7-022ff4ff5768] Left local markdown АГиТДУ/Лекция/17.04.md untouched during preload because it diverged from the last known cached content.
[2026-05-05T00:15:03.522Z] crdt/info: [ws_c3f3722a-8d5c-4545-98b7-022ff4ff5768] Left local markdown АГиТДУ/Практика/10.04.2026.md untouched during preload because it diverged from the last known cached content.
[2026-05-05T00:15:03.524Z] crdt/info: [ws_c3f3722a-8d5c-4545-98b7-022ff4ff5768] Left local markdown Физика/Лекции/Лекция 13.03/Лекция 13.03.md untouched during preload because it diverged from the last known cached content.
[2026-05-05T00:15:03.525Z] crdt/info: [ws_c3f3722a-8d5c-4545-98b7-022ff4ff5768] Left local markdown Misc/test.md untouched during preload because it diverged from the last known cached content.
[2026-05-05T00:15:03.572Z] crdt/info: [ws_c3f3722a-8d5c-4545-98b7-022ff4ff5768] HTTP markdown bootstrap stored 4 markdown document(s) with 19.3 KB downloaded.
[2026-05-05T00:15:04.384Z] crdt/info: [ws_c3f3722a-8d5c-4545-98b7-022ff4ff5768] Left local markdown АГиТДУ/Лекция/17.04.md untouched during preload because it diverged from the last known cached content.
[2026-05-05T00:15:04.387Z] crdt/info: [ws_c3f3722a-8d5c-4545-98b7-022ff4ff5768] Left local markdown АГиТДУ/Практика/10.04.2026.md untouched during preload because it diverged from the last known cached content.
[2026-05-05T00:15:04.629Z] crdt/info: [ws_c3f3722a-8d5c-4545-98b7-022ff4ff5768] Left local markdown Физика/Лекции/Лекция 13.03/Лекция 13.03.md untouched during preload because it diverged from the last known cached content.
[2026-05-05T00:15:05.124Z] crdt/info: [ws_c3f3722a-8d5c-4545-98b7-022ff4ff5768] Left local markdown Misc/test.md untouched during preload because it diverged from the last known cached content.
[2026-05-05T00:15:05.125Z] crdt/info: [ws_c3f3722a-8d5c-4545-98b7-022ff4ff5768] Refreshed 40/44 closed markdown document(s) via HTTP bootstrap (background-markdown, 0 state update(s)).
[2026-05-05T00:15:10.485Z] crdt/info: [ws_c3f3722a-8d5c-4545-98b7-022ff4ff5768] Left local markdown АГиТДУ/Лекция/17.04.md untouched during preload because it diverged from the last known cached content.
[2026-05-05T00:15:10.487Z] crdt/info: [ws_c3f3722a-8d5c-4545-98b7-022ff4ff5768] Left local markdown АГиТДУ/Практика/10.04.2026.md untouched during preload because it diverged from the last known cached content.
[2026-05-05T00:15:10.707Z] crdt/info: [ws_c3f3722a-8d5c-4545-98b7-022ff4ff5768] Left local markdown Физика/Лекции/Лекция 13.03/Лекция 13.03.md untouched during preload because it diverged from the last known cached content.
[2026-05-05T00:15:11.203Z] crdt/info: [ws_c3f3722a-8d5c-4545-98b7-022ff4ff5768] Left local markdown Misc/test.md untouched during preload because it diverged from the last known cached content.
[2026-05-05T00:15:11.204Z] crdt/info: [ws_c3f3722a-8d5c-4545-98b7-022ff4ff5768] Refreshed 40/44 closed markdown document(s) via HTTP bootstrap (background-markdown, 0 state update(s)).
[2026-05-05T00:15:11.620Z] crdt/info: [ws_c3f3722a-8d5c-4545-98b7-022ff4ff5768] Preloading 4 markdown document(s) via HTTP bootstrap metadata + state batches (locked-retry).
[2026-05-05T00:15:11.764Z] crdt/info: [ws_c3f3722a-8d5c-4545-98b7-022ff4ff5768] Left local markdown АГиТДУ/Лекция/17.04.md untouched during preload because it diverged from the last known cached content.
[2026-05-05T00:15:11.766Z] crdt/info: [ws_c3f3722a-8d5c-4545-98b7-022ff4ff5768] Left local markdown АГиТДУ/Практика/10.04.2026.md untouched during preload because it diverged from the last known cached content.
[2026-05-05T00:15:11.768Z] crdt/info: [ws_c3f3722a-8d5c-4545-98b7-022ff4ff5768] Left local markdown Физика/Лекции/Лекция 13.03/Лекция 13.03.md untouched during preload because it diverged from the last known cached content.
[2026-05-05T00:15:11.769Z] crdt/info: [ws_c3f3722a-8d5c-4545-98b7-022ff4ff5768] Left local markdown Misc/test.md untouched during preload because it diverged from the last known cached content.
[2026-05-05T00:15:11.803Z] crdt/info: [ws_c3f3722a-8d5c-4545-98b7-022ff4ff5768] HTTP markdown bootstrap stored 4 markdown document(s) with 19.3 KB downloaded.
[2026-05-05T00:15:16.606Z] crdt/info: [ws_c3f3722a-8d5c-4545-98b7-022ff4ff5768] Left local markdown АГиТДУ/Лекция/17.04.md untouched during preload because it diverged from the last known cached content.
[2026-05-05T00:15:16.610Z] crdt/info: [ws_c3f3722a-8d5c-4545-98b7-022ff4ff5768] Left local markdown АГиТДУ/Практика/10.04.2026.md untouched during preload because it diverged from the last known cached content.
[2026-05-05T00:15:16.845Z] crdt/info: [ws_c3f3722a-8d5c-4545-98b7-022ff4ff5768] Left local markdown Физика/Лекции/Лекция 13.03/Лекция 13.03.md untouched during preload because it diverged from the last known cached content.
[2026-05-05T00:15:17.337Z] crdt/info: [ws_c3f3722a-8d5c-4545-98b7-022ff4ff5768] Left local markdown Misc/test.md untouched during preload because it diverged from the last known cached content.
[2026-05-05T00:15:17.338Z] crdt/info: [ws_c3f3722a-8d5c-4545-98b7-022ff4ff5768] Refreshed 40/44 closed markdown document(s) via HTTP bootstrap (background-markdown, 0 state update(s)).
[2026-05-05T00:15:19.854Z] crdt/info: [ws_c3f3722a-8d5c-4545-98b7-022ff4ff5768] Preloading 4 markdown document(s) via HTTP bootstrap metadata + state batches (locked-retry).
[2026-05-05T00:15:19.990Z] crdt/info: [ws_c3f3722a-8d5c-4545-98b7-022ff4ff5768] Left local markdown АГиТДУ/Лекция/17.04.md untouched during preload because it diverged from the last known cached content.
[2026-05-05T00:15:19.993Z] crdt/info: [ws_c3f3722a-8d5c-4545-98b7-022ff4ff5768] Left local markdown АГиТДУ/Практика/10.04.2026.md untouched during preload because it diverged from the last known cached content.
[2026-05-05T00:15:19.995Z] crdt/info: [ws_c3f3722a-8d5c-4545-98b7-022ff4ff5768] Left local markdown Физика/Лекции/Лекция 13.03/Лекция 13.03.md untouched during preload because it diverged from the last known cached content.
[2026-05-05T00:15:19.995Z] crdt/info: [ws_c3f3722a-8d5c-4545-98b7-022ff4ff5768] Left local markdown Misc/test.md untouched during preload because it diverged from the last known cached content.
[2026-05-05T00:15:20.047Z] crdt/info: [ws_c3f3722a-8d5c-4545-98b7-022ff4ff5768] HTTP markdown bootstrap stored 4 markdown document(s) with 19.3 KB downloaded.
[2026-05-05T00:15:22.727Z] crdt/info: [ws_c3f3722a-8d5c-4545-98b7-022ff4ff5768] Left local markdown АГиТДУ/Лекция/17.04.md untouched during preload because it diverged from the last known cached content.
[2026-05-05T00:15:22.730Z] crdt/info: [ws_c3f3722a-8d5c-4545-98b7-022ff4ff5768] Left local markdown АГиТДУ/Практика/10.04.2026.md untouched during preload because it diverged from the last known cached content.
[2026-05-05T00:15:22.971Z] crdt/info: [ws_c3f3722a-8d5c-4545-98b7-022ff4ff5768] Left local markdown Физика/Лекции/Лекция 13.03/Лекция 13.03.md untouched during preload because it diverged from the last known cached content.
[2026-05-05T00:15:23.458Z] crdt/info: [ws_c3f3722a-8d5c-4545-98b7-022ff4ff5768] Left local markdown Misc/test.md untouched during preload because it diverged from the last known cached content.
[2026-05-05T00:15:23.459Z] crdt/info: [ws_c3f3722a-8d5c-4545-98b7-022ff4ff5768] Refreshed 40/44 closed markdown document(s) via HTTP bootstrap (background-markdown, 0 state update(s)).
[2026-05-05T00:15:28.091Z] crdt/info: [ws_c3f3722a-8d5c-4545-98b7-022ff4ff5768] Preloading 4 markdown document(s) via HTTP bootstrap metadata + state batches (locked-retry).
[2026-05-05T00:15:28.239Z] crdt/info: [ws_c3f3722a-8d5c-4545-98b7-022ff4ff5768] Left local markdown АГиТДУ/Лекция/17.04.md untouched during preload because it diverged from the last known cached content.
[2026-05-05T00:15:28.240Z] crdt/info: [ws_c3f3722a-8d5c-4545-98b7-022ff4ff5768] Left local markdown АГиТДУ/Практика/10.04.2026.md untouched during preload because it diverged from the last known cached content.
[2026-05-05T00:15:28.241Z] crdt/info: [ws_c3f3722a-8d5c-4545-98b7-022ff4ff5768] Left local markdown Физика/Лекции/Лекция 13.03/Лекция 13.03.md untouched during preload because it diverged from the last known cached content.
[2026-05-05T00:15:28.241Z] crdt/info: [ws_c3f3722a-8d5c-4545-98b7-022ff4ff5768] Left local markdown Misc/test.md untouched during preload because it diverged from the last known cached content.
[2026-05-05T00:15:28.301Z] crdt/info: [ws_c3f3722a-8d5c-4545-98b7-022ff4ff5768] HTTP markdown bootstrap stored 4 markdown document(s) with 19.3 KB downloaded.
[2026-05-05T00:15:29.134Z] crdt/info: [ws_c3f3722a-8d5c-4545-98b7-022ff4ff5768] Left local markdown АГиТДУ/Лекция/17.04.md untouched during preload because it diverged from the last known cached content.
[2026-05-05T00:15:29.135Z] crdt/info: [ws_c3f3722a-8d5c-4545-98b7-022ff4ff5768] Left local markdown АГиТДУ/Практика/10.04.2026.md untouched during preload because it diverged from the last known cached content.
[2026-05-05T00:15:29.373Z] crdt/info: [ws_c3f3722a-8d5c-4545-98b7-022ff4ff5768] Left local markdown Физика/Лекции/Лекция 13.03/Лекция 13.03.md untouched during preload because it diverged from the last known cached content.
[2026-05-05T00:15:29.921Z] crdt/info: [ws_c3f3722a-8d5c-4545-98b7-022ff4ff5768] Left local markdown Misc/test.md untouched during preload because it diverged from the last known cached content.
[2026-05-05T00:15:29.922Z] crdt/info: [ws_c3f3722a-8d5c-4545-98b7-022ff4ff5768] Refreshed 40/44 closed markdown document(s) via HTTP bootstrap (background-markdown, 0 state update(s)).
[2026-05-05T00:15:35.355Z] crdt/info: [ws_c3f3722a-8d5c-4545-98b7-022ff4ff5768] Left local markdown АГиТДУ/Лекция/17.04.md untouched during preload because it diverged from the last known cached content.
[2026-05-05T00:15:35.358Z] crdt/info: [ws_c3f3722a-8d5c-4545-98b7-022ff4ff5768] Left local markdown АГиТДУ/Практика/10.04.2026.md untouched during preload because it diverged from the last known cached content.
[2026-05-05T00:15:35.596Z] crdt/info: [ws_c3f3722a-8d5c-4545-98b7-022ff4ff5768] Left local markdown Физика/Лекции/Лекция 13.03/Лекция 13.03.md untouched during preload because it diverged from the last known cached content.
[2026-05-05T00:15:36.160Z] crdt/info: [ws_c3f3722a-8d5c-4545-98b7-022ff4ff5768] Left local markdown Misc/test.md untouched during preload because it diverged from the last known cached content.
[2026-05-05T00:15:36.161Z] crdt/info: [ws_c3f3722a-8d5c-4545-98b7-022ff4ff5768] Refreshed 40/44 closed markdown document(s) via HTTP bootstrap (background-markdown, 0 state update(s)).
[2026-05-05T00:15:36.349Z] crdt/info: [ws_c3f3722a-8d5c-4545-98b7-022ff4ff5768] Preloading 4 markdown document(s) via HTTP bootstrap metadata + state batches (locked-retry).
[2026-05-05T00:15:36.485Z] crdt/info: [ws_c3f3722a-8d5c-4545-98b7-022ff4ff5768] Left local markdown АГиТДУ/Лекция/17.04.md untouched during preload because it diverged from the last known cached content.
[2026-05-05T00:15:36.486Z] crdt/info: [ws_c3f3722a-8d5c-4545-98b7-022ff4ff5768] Left local markdown АГиТДУ/Практика/10.04.2026.md untouched during preload because it diverged from the last known cached content.
[2026-05-05T00:15:36.488Z] crdt/info: [ws_c3f3722a-8d5c-4545-98b7-022ff4ff5768] Left local markdown Физика/Лекции/Лекция 13.03/Лекция 13.03.md untouched during preload because it diverged from the last known cached content.
[2026-05-05T00:15:36.489Z] crdt/info: [ws_c3f3722a-8d5c-4545-98b7-022ff4ff5768] Left local markdown Misc/test.md untouched during preload because it diverged from the last known cached content.
[2026-05-05T00:15:36.521Z] crdt/info: [ws_c3f3722a-8d5c-4545-98b7-022ff4ff5768] HTTP markdown bootstrap stored 4 markdown document(s) with 19.3 KB downloaded.
[2026-05-05T00:15:41.524Z] crdt/info: [ws_c3f3722a-8d5c-4545-98b7-022ff4ff5768] Left local markdown АГиТДУ/Лекция/17.04.md untouched during preload because it diverged from the last known cached content.
[2026-05-05T00:15:41.529Z] crdt/info: [ws_c3f3722a-8d5c-4545-98b7-022ff4ff5768] Left local markdown АГиТДУ/Практика/10.04.2026.md untouched during preload because it diverged from the last known cached content.
[2026-05-05T00:15:41.758Z] crdt/info: [ws_c3f3722a-8d5c-4545-98b7-022ff4ff5768] Left local markdown Физика/Лекции/Лекция 13.03/Лекция 13.03.md untouched during preload because it diverged from the last known cached content.
[2026-05-05T00:15:42.210Z] crdt/info: [ws_c3f3722a-8d5c-4545-98b7-022ff4ff5768] Left local markdown Misc/test.md untouched during preload because it diverged from the last known cached content.
[2026-05-05T00:15:42.210Z] crdt/info: [ws_c3f3722a-8d5c-4545-98b7-022ff4ff5768] Refreshed 40/44 closed markdown document(s) via HTTP bootstrap (background-markdown, 0 state update(s)).
[2026-05-05T00:15:44.554Z] crdt/info: [ws_c3f3722a-8d5c-4545-98b7-022ff4ff5768] Preloading 4 markdown document(s) via HTTP bootstrap metadata + state batches (locked-retry).
[2026-05-05T00:15:44.687Z] crdt/info: [ws_c3f3722a-8d5c-4545-98b7-022ff4ff5768] Left local markdown АГиТДУ/Лекция/17.04.md untouched during preload because it diverged from the last known cached content.
[2026-05-05T00:15:44.689Z] crdt/info: [ws_c3f3722a-8d5c-4545-98b7-022ff4ff5768] Left local markdown АГиТДУ/Практика/10.04.2026.md untouched during preload because it diverged from the last known cached content.
[2026-05-05T00:15:44.690Z] crdt/info: [ws_c3f3722a-8d5c-4545-98b7-022ff4ff5768] Left local markdown Физика/Лекции/Лекция 13.03/Лекция 13.03.md untouched during preload because it diverged from the last known cached content.
[2026-05-05T00:15:44.691Z] crdt/info: [ws_c3f3722a-8d5c-4545-98b7-022ff4ff5768] Left local markdown Misc/test.md untouched during preload because it diverged from the last known cached content.
[2026-05-05T00:15:44.723Z] crdt/info: [ws_c3f3722a-8d5c-4545-98b7-022ff4ff5768] HTTP markdown bootstrap stored 4 markdown document(s) with 19.3 KB downloaded.
[2026-05-05T00:15:47.663Z] crdt/info: [ws_c3f3722a-8d5c-4545-98b7-022ff4ff5768] Left local markdown АГиТДУ/Лекция/17.04.md untouched during preload because it diverged from the last known cached content.
[2026-05-05T00:15:47.667Z] crdt/info: [ws_c3f3722a-8d5c-4545-98b7-022ff4ff5768] Left local markdown АГиТДУ/Практика/10.04.2026.md untouched during preload because it diverged from the last known cached content.
[2026-05-05T00:15:47.888Z] crdt/info: [ws_c3f3722a-8d5c-4545-98b7-022ff4ff5768] Left local markdown Физика/Лекции/Лекция 13.03/Лекция 13.03.md untouched during preload because it diverged from the last known cached content.
[2026-05-05T00:15:48.359Z] crdt/info: [ws_c3f3722a-8d5c-4545-98b7-022ff4ff5768] Left local markdown Misc/test.md untouched during preload because it diverged from the last known cached content.
[2026-05-05T00:15:48.360Z] crdt/info: [ws_c3f3722a-8d5c-4545-98b7-022ff4ff5768] Refreshed 40/44 closed markdown document(s) via HTTP bootstrap (background-markdown, 0 state update(s)).
[2026-05-05T00:15:52.764Z] crdt/info: [ws_c3f3722a-8d5c-4545-98b7-022ff4ff5768] Preloading 4 markdown document(s) via HTTP bootstrap metadata + state batches (locked-retry).
[2026-05-05T00:15:52.894Z] crdt/info: [ws_c3f3722a-8d5c-4545-98b7-022ff4ff5768] Left local markdown АГиТДУ/Лекция/17.04.md untouched during preload because it diverged from the last known cached content.
[2026-05-05T00:15:52.895Z] crdt/info: [ws_c3f3722a-8d5c-4545-98b7-022ff4ff5768] Left local markdown АГиТДУ/Практика/10.04.2026.md untouched during preload because it diverged from the last known cached content.
[2026-05-05T00:15:52.897Z] crdt/info: [ws_c3f3722a-8d5c-4545-98b7-022ff4ff5768] Left local markdown Физика/Лекции/Лекция 13.03/Лекция 13.03.md untouched during preload because it diverged from the last known cached content.
[2026-05-05T00:15:52.897Z] crdt/info: [ws_c3f3722a-8d5c-4545-98b7-022ff4ff5768] Left local markdown Misc/test.md untouched during preload because it diverged from the last known cached content.
[2026-05-05T00:15:52.924Z] crdt/info: [ws_c3f3722a-8d5c-4545-98b7-022ff4ff5768] HTTP markdown bootstrap stored 4 markdown document(s) with 19.3 KB downloaded.
[2026-05-05T00:15:53.736Z] crdt/info: [ws_c3f3722a-8d5c-4545-98b7-022ff4ff5768] Left local markdown АГиТДУ/Лекция/17.04.md untouched during preload because it diverged from the last known cached content.
[2026-05-05T00:15:53.738Z] crdt/info: [ws_c3f3722a-8d5c-4545-98b7-022ff4ff5768] Left local markdown АГиТДУ/Практика/10.04.2026.md untouched during preload because it diverged from the last known cached content.
[2026-05-05T00:15:53.949Z] crdt/info: [ws_c3f3722a-8d5c-4545-98b7-022ff4ff5768] Left local markdown Физика/Лекции/Лекция 13.03/Лекция 13.03.md untouched during preload because it diverged from the last known cached content.
[2026-05-05T00:15:54.418Z] crdt/info: [ws_c3f3722a-8d5c-4545-98b7-022ff4ff5768] Left local markdown Misc/test.md untouched during preload because it diverged from the last known cached content.
[2026-05-05T00:15:54.419Z] crdt/info: [ws_c3f3722a-8d5c-4545-98b7-022ff4ff5768] Refreshed 40/44 closed markdown document(s) via HTTP bootstrap (background-markdown, 0 state update(s)).
[2026-05-05T00:15:59.788Z] crdt/info: [ws_c3f3722a-8d5c-4545-98b7-022ff4ff5768] Left local markdown АГиТДУ/Лекция/17.04.md untouched during preload because it diverged from the last known cached content.
[2026-05-05T00:15:59.790Z] crdt/info: [ws_c3f3722a-8d5c-4545-98b7-022ff4ff5768] Left local markdown АГиТДУ/Практика/10.04.2026.md untouched during preload because it diverged from the last known cached content.
[2026-05-05T00:16:00.030Z] crdt/info: [ws_c3f3722a-8d5c-4545-98b7-022ff4ff5768] Left local markdown Физика/Лекции/Лекция 13.03/Лекция 13.03.md untouched during preload because it diverged from the last known cached content.
[2026-05-05T00:16:00.521Z] crdt/info: [ws_c3f3722a-8d5c-4545-98b7-022ff4ff5768] Left local markdown Misc/test.md untouched during preload because it diverged from the last known cached content.
[2026-05-05T00:16:00.521Z] crdt/info: [ws_c3f3722a-8d5c-4545-98b7-022ff4ff5768] Refreshed 40/44 closed markdown document(s) via HTTP bootstrap (background-markdown, 0 state update(s)).
[2026-05-05T00:16:00.969Z] crdt/info: [ws_c3f3722a-8d5c-4545-98b7-022ff4ff5768] Preloading 4 markdown document(s) via HTTP bootstrap metadata + state batches (locked-retry).
[2026-05-05T00:16:01.099Z] crdt/info: [ws_c3f3722a-8d5c-4545-98b7-022ff4ff5768] Left local markdown АГиТДУ/Лекция/17.04.md untouched during preload because it diverged from the last known cached content.
[2026-05-05T00:16:01.100Z] crdt/info: [ws_c3f3722a-8d5c-4545-98b7-022ff4ff5768] Left local markdown АГиТДУ/Практика/10.04.2026.md untouched during preload because it diverged from the last known cached content.
[2026-05-05T00:16:01.101Z] crdt/info: [ws_c3f3722a-8d5c-4545-98b7-022ff4ff5768] Left local markdown Физика/Лекции/Лекция 13.03/Лекция 13.03.md untouched during preload because it diverged from the last known cached content.
[2026-05-05T00:16:01.102Z] crdt/info: [ws_c3f3722a-8d5c-4545-98b7-022ff4ff5768] Left local markdown Misc/test.md untouched during preload because it diverged from the last known cached content.
[2026-05-05T00:16:01.143Z] crdt/info: [ws_c3f3722a-8d5c-4545-98b7-022ff4ff5768] HTTP markdown bootstrap stored 4 markdown document(s) with 19.3 KB downloaded.
[2026-05-05T00:16:05.927Z] crdt/info: [ws_c3f3722a-8d5c-4545-98b7-022ff4ff5768] Left local markdown АГиТДУ/Лекция/17.04.md untouched during preload because it diverged from the last known cached content.
[2026-05-05T00:16:05.932Z] crdt/info: [ws_c3f3722a-8d5c-4545-98b7-022ff4ff5768] Left local markdown АГиТДУ/Практика/10.04.2026.md untouched during preload because it diverged from the last known cached content.
[2026-05-05T00:16:06.165Z] crdt/info: [ws_c3f3722a-8d5c-4545-98b7-022ff4ff5768] Left local markdown Физика/Лекции/Лекция 13.03/Лекция 13.03.md untouched during preload because it diverged from the last known cached content.
[2026-05-05T00:16:06.662Z] crdt/info: [ws_c3f3722a-8d5c-4545-98b7-022ff4ff5768] Left local markdown Misc/test.md untouched during preload because it diverged from the last known cached content.
[2026-05-05T00:16:06.664Z] crdt/info: [ws_c3f3722a-8d5c-4545-98b7-022ff4ff5768] Refreshed 40/44 closed markdown document(s) via HTTP bootstrap (background-markdown, 0 state update(s)).
[2026-05-05T00:16:09.199Z] crdt/info: [ws_c3f3722a-8d5c-4545-98b7-022ff4ff5768] Preloading 4 markdown document(s) via HTTP bootstrap metadata + state batches (locked-retry).
[2026-05-05T00:16:09.336Z] crdt/info: [ws_c3f3722a-8d5c-4545-98b7-022ff4ff5768] Left local markdown АГиТДУ/Лекция/17.04.md untouched during preload because it diverged from the last known cached content.
[2026-05-05T00:16:09.337Z] crdt/info: [ws_c3f3722a-8d5c-4545-98b7-022ff4ff5768] Left local markdown АГиТДУ/Практика/10.04.2026.md untouched during preload because it diverged from the last known cached content.
[2026-05-05T00:16:09.339Z] crdt/info: [ws_c3f3722a-8d5c-4545-98b7-022ff4ff5768] Left local markdown Физика/Лекции/Лекция 13.03/Лекция 13.03.md untouched during preload because it diverged from the last known cached content.
[2026-05-05T00:16:09.340Z] crdt/info: [ws_c3f3722a-8d5c-4545-98b7-022ff4ff5768] Left local markdown Misc/test.md untouched during preload because it diverged from the last known cached content.
[2026-05-05T00:16:09.377Z] crdt/info: [ws_c3f3722a-8d5c-4545-98b7-022ff4ff5768] HTTP markdown bootstrap stored 4 markdown document(s) with 19.3 KB downloaded.
[2026-05-05T00:16:12.119Z] crdt/info: [ws_c3f3722a-8d5c-4545-98b7-022ff4ff5768] Left local markdown АГиТДУ/Лекция/17.04.md untouched during preload because it diverged from the last known cached content.
[2026-05-05T00:16:12.123Z] crdt/info: [ws_c3f3722a-8d5c-4545-98b7-022ff4ff5768] Left local markdown АГиТДУ/Практика/10.04.2026.md untouched during preload because it diverged from the last known cached content.
[2026-05-05T00:16:12.337Z] crdt/info: [ws_c3f3722a-8d5c-4545-98b7-022ff4ff5768] Left local markdown Физика/Лекции/Лекция 13.03/Лекция 13.03.md untouched during preload because it diverged from the last known cached content.
[2026-05-05T00:16:12.845Z] crdt/info: [ws_c3f3722a-8d5c-4545-98b7-022ff4ff5768] Left local markdown Misc/test.md untouched during preload because it diverged from the last known cached content.
[2026-05-05T00:16:12.845Z] crdt/info: [ws_c3f3722a-8d5c-4545-98b7-022ff4ff5768] Refreshed 40/44 closed markdown document(s) via HTTP bootstrap (background-markdown, 0 state update(s)).
[2026-05-05T00:16:17.409Z] crdt/info: [ws_c3f3722a-8d5c-4545-98b7-022ff4ff5768] Preloading 4 markdown document(s) via HTTP bootstrap metadata + state batches (locked-retry).
[2026-05-05T00:16:17.547Z] crdt/info: [ws_c3f3722a-8d5c-4545-98b7-022ff4ff5768] Left local markdown АГиТДУ/Лекция/17.04.md untouched during preload because it diverged from the last known cached content.
[2026-05-05T00:16:17.548Z] crdt/info: [ws_c3f3722a-8d5c-4545-98b7-022ff4ff5768] Left local markdown АГиТДУ/Практика/10.04.2026.md untouched during preload because it diverged from the last known cached content.
[2026-05-05T00:16:17.549Z] crdt/info: [ws_c3f3722a-8d5c-4545-98b7-022ff4ff5768] Left local markdown Физика/Лекции/Лекция 13.03/Лекция 13.03.md untouched during preload because it diverged from the last known cached content.
[2026-05-05T00:16:17.550Z] crdt/info: [ws_c3f3722a-8d5c-4545-98b7-022ff4ff5768] Left local markdown Misc/test.md untouched during preload because it diverged from the last known cached content.
[2026-05-05T00:16:17.579Z] crdt/info: [ws_c3f3722a-8d5c-4545-98b7-022ff4ff5768] HTTP markdown bootstrap stored 4 markdown document(s) with 19.3 KB downloaded.
[2026-05-05T00:16:18.230Z] crdt/info: [ws_c3f3722a-8d5c-4545-98b7-022ff4ff5768] Left local markdown АГиТДУ/Лекция/17.04.md untouched during preload because it diverged from the last known cached content.
[2026-05-05T00:16:18.233Z] crdt/info: [ws_c3f3722a-8d5c-4545-98b7-022ff4ff5768] Left local markdown АГиТДУ/Практика/10.04.2026.md untouched during preload because it diverged from the last known cached content.
[2026-05-05T00:16:18.515Z] crdt/info: [ws_c3f3722a-8d5c-4545-98b7-022ff4ff5768] Left local markdown Физика/Лекции/Лекция 13.03/Лекция 13.03.md untouched during preload because it diverged from the last known cached content.
[2026-05-05T00:16:19.016Z] crdt/info: [ws_c3f3722a-8d5c-4545-98b7-022ff4ff5768] Left local markdown Misc/test.md untouched during preload because it diverged from the last known cached content.
[2026-05-05T00:16:19.016Z] crdt/info: [ws_c3f3722a-8d5c-4545-98b7-022ff4ff5768] Refreshed 40/44 closed markdown document(s) via HTTP bootstrap (background-markdown, 0 state update(s)).
[2026-05-05T00:16:24.460Z] crdt/info: [ws_c3f3722a-8d5c-4545-98b7-022ff4ff5768] Left local markdown АГиТДУ/Лекция/17.04.md untouched during preload because it diverged from the last known cached content.
[2026-05-05T00:16:24.467Z] crdt/info: [ws_c3f3722a-8d5c-4545-98b7-022ff4ff5768] Left local markdown АГиТДУ/Практика/10.04.2026.md untouched during preload because it diverged from the last known cached content.
[2026-05-05T00:16:24.696Z] crdt/info: [ws_c3f3722a-8d5c-4545-98b7-022ff4ff5768] Left local markdown Физика/Лекции/Лекция 13.03/Лекция 13.03.md untouched during preload because it diverged from the last known cached content.
[2026-05-05T00:16:25.243Z] crdt/info: [ws_c3f3722a-8d5c-4545-98b7-022ff4ff5768] Left local markdown Misc/test.md untouched during preload because it diverged from the last known cached content.
[2026-05-05T00:16:25.244Z] crdt/info: [ws_c3f3722a-8d5c-4545-98b7-022ff4ff5768] Refreshed 40/44 closed markdown document(s) via HTTP bootstrap (background-markdown, 0 state update(s)).
[2026-05-05T00:16:25.783Z] crdt/info: [ws_c3f3722a-8d5c-4545-98b7-022ff4ff5768] Preloading 4 markdown document(s) via HTTP bootstrap metadata + state batches (locked-retry).
[2026-05-05T00:16:25.906Z] crdt/info: [ws_c3f3722a-8d5c-4545-98b7-022ff4ff5768] Left local markdown АГиТДУ/Лекция/17.04.md untouched during preload because it diverged from the last known cached content.
[2026-05-05T00:16:25.907Z] crdt/info: [ws_c3f3722a-8d5c-4545-98b7-022ff4ff5768] Left local markdown АГиТДУ/Практика/10.04.2026.md untouched during preload because it diverged from the last known cached content.
[2026-05-05T00:16:25.908Z] crdt/info: [ws_c3f3722a-8d5c-4545-98b7-022ff4ff5768] Left local markdown Физика/Лекции/Лекция 13.03/Лекция 13.03.md untouched during preload because it diverged from the last known cached content.
[2026-05-05T00:16:25.908Z] crdt/info: [ws_c3f3722a-8d5c-4545-98b7-022ff4ff5768] Left local markdown Misc/test.md untouched during preload because it diverged from the last known cached content.
[2026-05-05T00:16:25.931Z] crdt/info: [ws_c3f3722a-8d5c-4545-98b7-022ff4ff5768] HTTP markdown bootstrap stored 4 markdown document(s) with 19.3 KB downloaded.
[2026-05-05T00:16:30.637Z] crdt/info: [ws_c3f3722a-8d5c-4545-98b7-022ff4ff5768] Left local markdown АГиТДУ/Лекция/17.04.md untouched during preload because it diverged from the last known cached content.
[2026-05-05T00:16:30.642Z] crdt/info: [ws_c3f3722a-8d5c-4545-98b7-022ff4ff5768] Left local markdown АГиТДУ/Практика/10.04.2026.md untouched during preload because it diverged from the last known cached content.
[2026-05-05T00:16:30.870Z] crdt/info: [ws_c3f3722a-8d5c-4545-98b7-022ff4ff5768] Left local markdown Физика/Лекции/Лекция 13.03/Лекция 13.03.md untouched during preload because it diverged from the last known cached content.
[2026-05-05T00:16:31.376Z] crdt/info: [ws_c3f3722a-8d5c-4545-98b7-022ff4ff5768] Left local markdown Misc/test.md untouched during preload because it diverged from the last known cached content.
[2026-05-05T00:16:31.377Z] crdt/info: [ws_c3f3722a-8d5c-4545-98b7-022ff4ff5768] Refreshed 40/44 closed markdown document(s) via HTTP bootstrap (background-markdown, 0 state update(s)).
[2026-05-05T00:16:33.964Z] crdt/info: [ws_c3f3722a-8d5c-4545-98b7-022ff4ff5768] Preloading 4 markdown document(s) via HTTP bootstrap metadata + state batches (locked-retry).
[2026-05-05T00:16:34.097Z] crdt/info: [ws_c3f3722a-8d5c-4545-98b7-022ff4ff5768] Left local markdown АГиТДУ/Лекция/17.04.md untouched during preload because it diverged from the last known cached content.
[2026-05-05T00:16:34.098Z] crdt/info: [ws_c3f3722a-8d5c-4545-98b7-022ff4ff5768] Left local markdown АГиТДУ/Практика/10.04.2026.md untouched during preload because it diverged from the last known cached content.
[2026-05-05T00:16:34.100Z] crdt/info: [ws_c3f3722a-8d5c-4545-98b7-022ff4ff5768] Left local markdown Физика/Лекции/Лекция 13.03/Лекция 13.03.md untouched during preload because it diverged from the last known cached content.
[2026-05-05T00:16:34.101Z] crdt/info: [ws_c3f3722a-8d5c-4545-98b7-022ff4ff5768] Left local markdown Misc/test.md untouched during preload because it diverged from the last known cached content.
[2026-05-05T00:16:34.171Z] crdt/info: [ws_c3f3722a-8d5c-4545-98b7-022ff4ff5768] HTTP markdown bootstrap stored 4 markdown document(s) with 19.3 KB downloaded.
[2026-05-05T00:16:36.774Z] crdt/info: [ws_c3f3722a-8d5c-4545-98b7-022ff4ff5768] Left local markdown АГиТДУ/Лекция/17.04.md untouched during preload because it diverged from the last known cached content.
[2026-05-05T00:16:36.778Z] crdt/info: [ws_c3f3722a-8d5c-4545-98b7-022ff4ff5768] Left local markdown АГиТДУ/Практика/10.04.2026.md untouched during preload because it diverged from the last known cached content.
[2026-05-05T00:16:37.000Z] crdt/info: [ws_c3f3722a-8d5c-4545-98b7-022ff4ff5768] Left local markdown Физика/Лекции/Лекция 13.03/Лекция 13.03.md untouched during preload because it diverged from the last known cached content.
[2026-05-05T00:16:37.468Z] crdt/info: [ws_c3f3722a-8d5c-4545-98b7-022ff4ff5768] Left local markdown Misc/test.md untouched during preload because it diverged from the last known cached content.
[2026-05-05T00:16:37.470Z] crdt/info: [ws_c3f3722a-8d5c-4545-98b7-022ff4ff5768] Refreshed 40/44 closed markdown document(s) via HTTP bootstrap (background-markdown, 0 state update(s)).
[2026-05-05T00:16:42.233Z] crdt/info: [ws_c3f3722a-8d5c-4545-98b7-022ff4ff5768] Preloading 4 markdown document(s) via HTTP bootstrap metadata + state batches (locked-retry).
[2026-05-05T00:16:42.368Z] crdt/info: [ws_c3f3722a-8d5c-4545-98b7-022ff4ff5768] Left local markdown АГиТДУ/Лекция/17.04.md untouched during preload because it diverged from the last known cached content.
[2026-05-05T00:16:42.369Z] crdt/info: [ws_c3f3722a-8d5c-4545-98b7-022ff4ff5768] Left local markdown АГиТДУ/Практика/10.04.2026.md untouched during preload because it diverged from the last known cached content.
[2026-05-05T00:16:42.371Z] crdt/info: [ws_c3f3722a-8d5c-4545-98b7-022ff4ff5768] Left local markdown Физика/Лекции/Лекция 13.03/Лекция 13.03.md untouched during preload because it diverged from the last known cached content.
[2026-05-05T00:16:42.372Z] crdt/info: [ws_c3f3722a-8d5c-4545-98b7-022ff4ff5768] Left local markdown Misc/test.md untouched during preload because it diverged from the last known cached content.
[2026-05-05T00:16:42.418Z] crdt/info: [ws_c3f3722a-8d5c-4545-98b7-022ff4ff5768] HTTP markdown bootstrap stored 4 markdown document(s) with 19.3 KB downloaded.
[2026-05-05T00:16:42.874Z] crdt/info: [ws_c3f3722a-8d5c-4545-98b7-022ff4ff5768] Left local markdown АГиТДУ/Лекция/17.04.md untouched during preload because it diverged from the last known cached content.
[2026-05-05T00:16:42.878Z] crdt/info: [ws_c3f3722a-8d5c-4545-98b7-022ff4ff5768] Left local markdown АГиТДУ/Практика/10.04.2026.md untouched during preload because it diverged from the last known cached content.
[2026-05-05T00:16:43.120Z] crdt/info: [ws_c3f3722a-8d5c-4545-98b7-022ff4ff5768] Left local markdown Физика/Лекции/Лекция 13.03/Лекция 13.03.md untouched during preload because it diverged from the last known cached content.
[2026-05-05T00:16:43.605Z] crdt/info: [ws_c3f3722a-8d5c-4545-98b7-022ff4ff5768] Left local markdown Misc/test.md untouched during preload because it diverged from the last known cached content.
[2026-05-05T00:16:43.606Z] crdt/info: [ws_c3f3722a-8d5c-4545-98b7-022ff4ff5768] Refreshed 40/44 closed markdown document(s) via HTTP bootstrap (background-markdown, 0 state update(s)).
[2026-05-05T00:16:49.001Z] crdt/info: [ws_c3f3722a-8d5c-4545-98b7-022ff4ff5768] Left local markdown АГиТДУ/Лекция/17.04.md untouched during preload because it diverged from the last known cached content.
[2026-05-05T00:16:49.005Z] crdt/info: [ws_c3f3722a-8d5c-4545-98b7-022ff4ff5768] Left local markdown АГиТДУ/Практика/10.04.2026.md untouched during preload because it diverged from the last known cached content.
[2026-05-05T00:16:49.242Z] crdt/info: [ws_c3f3722a-8d5c-4545-98b7-022ff4ff5768] Left local markdown Физика/Лекции/Лекция 13.03/Лекция 13.03.md untouched during preload because it diverged from the last known cached content.
[2026-05-05T00:16:49.742Z] crdt/info: [ws_c3f3722a-8d5c-4545-98b7-022ff4ff5768] Left local markdown Misc/test.md untouched during preload because it diverged from the last known cached content.
[2026-05-05T00:16:49.743Z] crdt/info: [ws_c3f3722a-8d5c-4545-98b7-022ff4ff5768] Refreshed 40/44 closed markdown document(s) via HTTP bootstrap (background-markdown, 0 state update(s)).
[2026-05-05T00:16:50.479Z] crdt/info: [ws_c3f3722a-8d5c-4545-98b7-022ff4ff5768] Preloading 4 markdown document(s) via HTTP bootstrap metadata + state batches (locked-retry).
[2026-05-05T00:16:50.618Z] crdt/info: [ws_c3f3722a-8d5c-4545-98b7-022ff4ff5768] Left local markdown АГиТДУ/Лекция/17.04.md untouched during preload because it diverged from the last known cached content.
[2026-05-05T00:16:50.621Z] crdt/info: [ws_c3f3722a-8d5c-4545-98b7-022ff4ff5768] Left local markdown АГиТДУ/Практика/10.04.2026.md untouched during preload because it diverged from the last known cached content.
[2026-05-05T00:16:50.625Z] crdt/info: [ws_c3f3722a-8d5c-4545-98b7-022ff4ff5768] Left local markdown Физика/Лекции/Лекция 13.03/Лекция 13.03.md untouched during preload because it diverged from the last known cached content.
[2026-05-05T00:16:50.627Z] crdt/info: [ws_c3f3722a-8d5c-4545-98b7-022ff4ff5768] Left local markdown Misc/test.md untouched during preload because it diverged from the last known cached content.
[2026-05-05T00:16:50.721Z] crdt/info: [ws_c3f3722a-8d5c-4545-98b7-022ff4ff5768] HTTP markdown bootstrap stored 4 markdown document(s) with 19.3 KB downloaded.
[2026-05-05T00:16:55.124Z] crdt/info: [ws_c3f3722a-8d5c-4545-98b7-022ff4ff5768] Left local markdown АГиТДУ/Лекция/17.04.md untouched during preload because it diverged from the last known cached content.
[2026-05-05T00:16:55.128Z] crdt/info: [ws_c3f3722a-8d5c-4545-98b7-022ff4ff5768] Left local markdown АГиТДУ/Практика/10.04.2026.md untouched during preload because it diverged from the last known cached content.
[2026-05-05T00:16:55.350Z] crdt/info: [ws_c3f3722a-8d5c-4545-98b7-022ff4ff5768] Left local markdown Физика/Лекции/Лекция 13.03/Лекция 13.03.md untouched during preload because it diverged from the last known cached content.
[2026-05-05T00:16:55.859Z] crdt/info: [ws_c3f3722a-8d5c-4545-98b7-022ff4ff5768] Left local markdown Misc/test.md untouched during preload because it diverged from the last known cached content.
[2026-05-05T00:16:55.860Z] crdt/info: [ws_c3f3722a-8d5c-4545-98b7-022ff4ff5768] Refreshed 40/44 closed markdown document(s) via HTTP bootstrap (background-markdown, 0 state update(s)).
[2026-05-05T00:16:58.762Z] crdt/info: [ws_c3f3722a-8d5c-4545-98b7-022ff4ff5768] Preloading 4 markdown document(s) via HTTP bootstrap metadata + state batches (locked-retry).
[2026-05-05T00:16:58.893Z] crdt/info: [ws_c3f3722a-8d5c-4545-98b7-022ff4ff5768] Left local markdown АГиТДУ/Лекция/17.04.md untouched during preload because it diverged from the last known cached content.
[2026-05-05T00:16:58.894Z] crdt/info: [ws_c3f3722a-8d5c-4545-98b7-022ff4ff5768] Left local markdown АГиТДУ/Практика/10.04.2026.md untouched during preload because it diverged from the last known cached content.
[2026-05-05T00:16:58.895Z] crdt/info: [ws_c3f3722a-8d5c-4545-98b7-022ff4ff5768] Left local markdown Физика/Лекции/Лекция 13.03/Лекция 13.03.md untouched during preload because it diverged from the last known cached content.
[2026-05-05T00:16:58.896Z] crdt/info: [ws_c3f3722a-8d5c-4545-98b7-022ff4ff5768] Left local markdown Misc/test.md untouched during preload because it diverged from the last known cached content.
[2026-05-05T00:16:58.932Z] crdt/info: [ws_c3f3722a-8d5c-4545-98b7-022ff4ff5768] HTTP markdown bootstrap stored 4 markdown document(s) with 19.3 KB downloaded.
[2026-05-05T00:17:01.227Z] crdt/info: [ws_c3f3722a-8d5c-4545-98b7-022ff4ff5768] Left local markdown АГиТДУ/Лекция/17.04.md untouched during preload because it diverged from the last known cached content.
[2026-05-05T00:17:01.230Z] crdt/info: [ws_c3f3722a-8d5c-4545-98b7-022ff4ff5768] Left local markdown АГиТДУ/Практика/10.04.2026.md untouched during preload because it diverged from the last known cached content.
[2026-05-05T00:17:01.462Z] crdt/info: [ws_c3f3722a-8d5c-4545-98b7-022ff4ff5768] Left local markdown Физика/Лекции/Лекция 13.03/Лекция 13.03.md untouched during preload because it diverged from the last known cached content.
[2026-05-05T00:17:01.942Z] crdt/info: [ws_c3f3722a-8d5c-4545-98b7-022ff4ff5768] Left local markdown Misc/test.md untouched during preload because it diverged from the last known cached content.
[2026-05-05T00:17:01.943Z] crdt/info: [ws_c3f3722a-8d5c-4545-98b7-022ff4ff5768] Refreshed 40/44 closed markdown document(s) via HTTP bootstrap (background-markdown, 0 state update(s)).
[2026-05-05T00:17:06.987Z] crdt/info: [ws_c3f3722a-8d5c-4545-98b7-022ff4ff5768] Preloading 4 markdown document(s) via HTTP bootstrap metadata + state batches (locked-retry).
[2026-05-05T00:17:07.126Z] crdt/info: [ws_c3f3722a-8d5c-4545-98b7-022ff4ff5768] Left local markdown АГиТДУ/Лекция/17.04.md untouched during preload because it diverged from the last known cached content.
[2026-05-05T00:17:07.128Z] crdt/info: [ws_c3f3722a-8d5c-4545-98b7-022ff4ff5768] Left local markdown АГиТДУ/Практика/10.04.2026.md untouched during preload because it diverged from the last known cached content.
[2026-05-05T00:17:07.129Z] crdt/info: [ws_c3f3722a-8d5c-4545-98b7-022ff4ff5768] Left local markdown Физика/Лекции/Лекция 13.03/Лекция 13.03.md untouched during preload because it diverged from the last known cached content.
[2026-05-05T00:17:07.130Z] crdt/info: [ws_c3f3722a-8d5c-4545-98b7-022ff4ff5768] Left local markdown Misc/test.md untouched during preload because it diverged from the last known cached content.
[2026-05-05T00:17:07.199Z] crdt/info: [ws_c3f3722a-8d5c-4545-98b7-022ff4ff5768] HTTP markdown bootstrap stored 4 markdown document(s) with 19.3 KB downloaded.
[2026-05-05T00:17:12.346Z] crdt/info: [ws_c3f3722a-8d5c-4545-98b7-022ff4ff5768] Left local markdown АГиТДУ/Лекция/17.04.md untouched during preload because it diverged from the last known cached content.
[2026-05-05T00:17:12.350Z] crdt/info: [ws_c3f3722a-8d5c-4545-98b7-022ff4ff5768] Left local markdown АГиТДУ/Практика/10.04.2026.md untouched during preload because it diverged from the last known cached content.
[2026-05-05T00:17:12.601Z] crdt/info: [ws_c3f3722a-8d5c-4545-98b7-022ff4ff5768] Left local markdown Физика/Лекции/Лекция 13.03/Лекция 13.03.md untouched during preload because it diverged from the last known cached content.
[2026-05-05T00:17:13.186Z] crdt/info: [ws_c3f3722a-8d5c-4545-98b7-022ff4ff5768] Left local markdown Misc/test.md untouched during preload because it diverged from the last known cached content.
[2026-05-05T00:17:13.187Z] crdt/info: [ws_c3f3722a-8d5c-4545-98b7-022ff4ff5768] Refreshed 40/44 closed markdown document(s) via HTTP bootstrap (background-markdown, 0 state update(s)).
[2026-05-05T00:17:15.298Z] crdt/info: [ws_c3f3722a-8d5c-4545-98b7-022ff4ff5768] Preloading 4 markdown document(s) via HTTP bootstrap metadata + state batches (locked-retry).
[2026-05-05T00:17:15.442Z] crdt/info: [ws_c3f3722a-8d5c-4545-98b7-022ff4ff5768] Left local markdown АГиТДУ/Лекция/17.04.md untouched during preload because it diverged from the last known cached content.
[2026-05-05T00:17:15.444Z] crdt/info: [ws_c3f3722a-8d5c-4545-98b7-022ff4ff5768] Left local markdown АГиТДУ/Практика/10.04.2026.md untouched during preload because it diverged from the last known cached content.
[2026-05-05T00:17:15.448Z] crdt/info: [ws_c3f3722a-8d5c-4545-98b7-022ff4ff5768] Left local markdown Физика/Лекции/Лекция 13.03/Лекция 13.03.md untouched during preload because it diverged from the last known cached content.
[2026-05-05T00:17:15.450Z] crdt/info: [ws_c3f3722a-8d5c-4545-98b7-022ff4ff5768] Left local markdown Misc/test.md untouched during preload because it diverged from the last known cached content.
[2026-05-05T00:17:15.533Z] crdt/info: [ws_c3f3722a-8d5c-4545-98b7-022ff4ff5768] HTTP markdown bootstrap stored 4 markdown document(s) with 19.3 KB downloaded.
[2026-05-05T00:17:18.639Z] crdt/info: [ws_c3f3722a-8d5c-4545-98b7-022ff4ff5768] Left local markdown АГиТДУ/Лекция/17.04.md untouched during preload because it diverged from the last known cached content.
[2026-05-05T00:17:18.642Z] crdt/info: [ws_c3f3722a-8d5c-4545-98b7-022ff4ff5768] Left local markdown АГиТДУ/Практика/10.04.2026.md untouched during preload because it diverged from the last known cached content.
[2026-05-05T00:17:18.900Z] crdt/info: [ws_c3f3722a-8d5c-4545-98b7-022ff4ff5768] Left local markdown Физика/Лекции/Лекция 13.03/Лекция 13.03.md untouched during preload because it diverged from the last known cached content.
[2026-05-05T00:17:19.500Z] crdt/info: [ws_c3f3722a-8d5c-4545-98b7-022ff4ff5768] Left local markdown Misc/test.md untouched during preload because it diverged from the last known cached content.
[2026-05-05T00:17:19.502Z] crdt/info: [ws_c3f3722a-8d5c-4545-98b7-022ff4ff5768] Refreshed 40/44 closed markdown document(s) via HTTP bootstrap (background-markdown, 0 state update(s)).
[2026-05-05T00:17:23.625Z] crdt/info: [ws_c3f3722a-8d5c-4545-98b7-022ff4ff5768] Preloading 4 markdown document(s) via HTTP bootstrap metadata + state batches (locked-retry).
[2026-05-05T00:17:23.765Z] crdt/info: [ws_c3f3722a-8d5c-4545-98b7-022ff4ff5768] Left local markdown АГиТДУ/Лекция/17.04.md untouched during preload because it diverged from the last known cached content.
[2026-05-05T00:17:23.767Z] crdt/info: [ws_c3f3722a-8d5c-4545-98b7-022ff4ff5768] Left local markdown АГиТДУ/Практика/10.04.2026.md untouched during preload because it diverged from the last known cached content.
[2026-05-05T00:17:23.771Z] crdt/info: [ws_c3f3722a-8d5c-4545-98b7-022ff4ff5768] Left local markdown Физика/Лекции/Лекция 13.03/Лекция 13.03.md untouched during preload because it diverged from the last known cached content.
[2026-05-05T00:17:23.773Z] crdt/info: [ws_c3f3722a-8d5c-4545-98b7-022ff4ff5768] Left local markdown Misc/test.md untouched during preload because it diverged from the last known cached content.
[2026-05-05T00:17:23.834Z] crdt/info: [ws_c3f3722a-8d5c-4545-98b7-022ff4ff5768] HTTP markdown bootstrap stored 4 markdown document(s) with 19.3 KB downloaded.
[2026-05-05T00:17:24.914Z] crdt/info: [ws_c3f3722a-8d5c-4545-98b7-022ff4ff5768] Left local markdown АГиТДУ/Лекция/17.04.md untouched during preload because it diverged from the last known cached content.
[2026-05-05T00:17:24.921Z] crdt/info: [ws_c3f3722a-8d5c-4545-98b7-022ff4ff5768] Left local markdown АГиТДУ/Практика/10.04.2026.md untouched during preload because it diverged from the last known cached content.
[2026-05-05T00:17:25.134Z] crdt/info: [ws_c3f3722a-8d5c-4545-98b7-022ff4ff5768] Left local markdown Физика/Лекции/Лекция 13.03/Лекция 13.03.md untouched during preload because it diverged from the last known cached content.
[2026-05-05T00:17:25.750Z] crdt/info: [ws_c3f3722a-8d5c-4545-98b7-022ff4ff5768] Left local markdown Misc/test.md untouched during preload because it diverged from the last known cached content.
[2026-05-05T00:17:25.751Z] crdt/info: [ws_c3f3722a-8d5c-4545-98b7-022ff4ff5768] Refreshed 40/44 closed markdown document(s) via HTTP bootstrap (background-markdown, 0 state update(s)).
[2026-05-05T00:17:31.152Z] crdt/info: [ws_c3f3722a-8d5c-4545-98b7-022ff4ff5768] Left local markdown АГиТДУ/Лекция/17.04.md untouched during preload because it diverged from the last known cached content.
[2026-05-05T00:17:31.157Z] crdt/info: [ws_c3f3722a-8d5c-4545-98b7-022ff4ff5768] Left local markdown АГиТДУ/Практика/10.04.2026.md untouched during preload because it diverged from the last known cached content.
[2026-05-05T00:17:31.380Z] crdt/info: [ws_c3f3722a-8d5c-4545-98b7-022ff4ff5768] Left local markdown Физика/Лекции/Лекция 13.03/Лекция 13.03.md untouched during preload because it diverged from the last known cached content.
[2026-05-05T00:17:31.878Z] crdt/info: [ws_c3f3722a-8d5c-4545-98b7-022ff4ff5768] Left local markdown Misc/test.md untouched during preload because it diverged from the last known cached content.
[2026-05-05T00:17:31.878Z] crdt/info: [ws_c3f3722a-8d5c-4545-98b7-022ff4ff5768] Refreshed 40/44 closed markdown document(s) via HTTP bootstrap (background-markdown, 0 state update(s)).
[2026-05-05T00:17:31.891Z] crdt/info: [ws_c3f3722a-8d5c-4545-98b7-022ff4ff5768] Preloading 4 markdown document(s) via HTTP bootstrap metadata + state batches (locked-retry).
[2026-05-05T00:17:32.038Z] crdt/info: [ws_c3f3722a-8d5c-4545-98b7-022ff4ff5768] Left local markdown АГиТДУ/Лекция/17.04.md untouched during preload because it diverged from the last known cached content.
[2026-05-05T00:17:32.040Z] crdt/info: [ws_c3f3722a-8d5c-4545-98b7-022ff4ff5768] Left local markdown АГиТДУ/Практика/10.04.2026.md untouched during preload because it diverged from the last known cached content.
[2026-05-05T00:17:32.043Z] crdt/info: [ws_c3f3722a-8d5c-4545-98b7-022ff4ff5768] Left local markdown Физика/Лекции/Лекция 13.03/Лекция 13.03.md untouched during preload because it diverged from the last known cached content.
[2026-05-05T00:17:32.044Z] crdt/info: [ws_c3f3722a-8d5c-4545-98b7-022ff4ff5768] Left local markdown Misc/test.md untouched during preload because it diverged from the last known cached content.
[2026-05-05T00:17:32.120Z] crdt/info: [ws_c3f3722a-8d5c-4545-98b7-022ff4ff5768] HTTP markdown bootstrap stored 4 markdown document(s) with 19.3 KB downloaded.
[2026-05-05T00:17:37.256Z] crdt/info: [ws_c3f3722a-8d5c-4545-98b7-022ff4ff5768] Left local markdown АГиТДУ/Лекция/17.04.md untouched during preload because it diverged from the last known cached content.
[2026-05-05T00:17:37.261Z] crdt/info: [ws_c3f3722a-8d5c-4545-98b7-022ff4ff5768] Left local markdown АГиТДУ/Практика/10.04.2026.md untouched during preload because it diverged from the last known cached content.
[2026-05-05T00:17:37.491Z] crdt/info: [ws_c3f3722a-8d5c-4545-98b7-022ff4ff5768] Left local markdown Физика/Лекции/Лекция 13.03/Лекция 13.03.md untouched during preload because it diverged from the last known cached content.
[2026-05-05T00:17:37.990Z] crdt/info: [ws_c3f3722a-8d5c-4545-98b7-022ff4ff5768] Left local markdown Misc/test.md untouched during preload because it diverged from the last known cached content.
[2026-05-05T00:17:37.991Z] crdt/info: [ws_c3f3722a-8d5c-4545-98b7-022ff4ff5768] Refreshed 40/44 closed markdown document(s) via HTTP bootstrap (background-markdown, 0 state update(s)).
[2026-05-05T00:17:40.161Z] crdt/info: [ws_c3f3722a-8d5c-4545-98b7-022ff4ff5768] Preloading 4 markdown document(s) via HTTP bootstrap metadata + state batches (locked-retry).
[2026-05-05T00:17:40.291Z] crdt/info: [ws_c3f3722a-8d5c-4545-98b7-022ff4ff5768] Left local markdown АГиТДУ/Лекция/17.04.md untouched during preload because it diverged from the last known cached content.
[2026-05-05T00:17:40.294Z] crdt/info: [ws_c3f3722a-8d5c-4545-98b7-022ff4ff5768] Left local markdown АГиТДУ/Практика/10.04.2026.md untouched during preload because it diverged from the last known cached content.
[2026-05-05T00:17:40.297Z] crdt/info: [ws_c3f3722a-8d5c-4545-98b7-022ff4ff5768] Left local markdown Физика/Лекции/Лекция 13.03/Лекция 13.03.md untouched during preload because it diverged from the last known cached content.
[2026-05-05T00:17:40.299Z] crdt/info: [ws_c3f3722a-8d5c-4545-98b7-022ff4ff5768] Left local markdown Misc/test.md untouched during preload because it diverged from the last known cached content.
[2026-05-05T00:17:40.365Z] crdt/info: [ws_c3f3722a-8d5c-4545-98b7-022ff4ff5768] HTTP markdown bootstrap stored 4 markdown document(s) with 19.3 KB downloaded.
[2026-05-05T00:17:43.847Z] crdt/info: [ws_c3f3722a-8d5c-4545-98b7-022ff4ff5768] Left local markdown АГиТДУ/Лекция/17.04.md untouched during preload because it diverged from the last known cached content.
[2026-05-05T00:17:43.849Z] crdt/info: [ws_c3f3722a-8d5c-4545-98b7-022ff4ff5768] Left local markdown АГиТДУ/Практика/10.04.2026.md untouched during preload because it diverged from the last known cached content.
[2026-05-05T00:17:44.058Z] crdt/info: [ws_c3f3722a-8d5c-4545-98b7-022ff4ff5768] Left local markdown Физика/Лекции/Лекция 13.03/Лекция 13.03.md untouched during preload because it diverged from the last known cached content.
[2026-05-05T00:17:44.525Z] crdt/info: [ws_c3f3722a-8d5c-4545-98b7-022ff4ff5768] Left local markdown Misc/test.md untouched during preload because it diverged from the last known cached content.
[2026-05-05T00:17:44.526Z] crdt/info: [ws_c3f3722a-8d5c-4545-98b7-022ff4ff5768] Refreshed 40/44 closed markdown document(s) via HTTP bootstrap (background-markdown, 0 state update(s)).
[2026-05-05T00:17:48.417Z] crdt/info: [ws_c3f3722a-8d5c-4545-98b7-022ff4ff5768] Preloading 4 markdown document(s) via HTTP bootstrap metadata + state batches (locked-retry).
[2026-05-05T00:17:48.546Z] crdt/info: [ws_c3f3722a-8d5c-4545-98b7-022ff4ff5768] Left local markdown АГиТДУ/Лекция/17.04.md untouched during preload because it diverged from the last known cached content.
[2026-05-05T00:17:48.548Z] crdt/info: [ws_c3f3722a-8d5c-4545-98b7-022ff4ff5768] Left local markdown АГиТДУ/Практика/10.04.2026.md untouched during preload because it diverged from the last known cached content.
[2026-05-05T00:17:48.550Z] crdt/info: [ws_c3f3722a-8d5c-4545-98b7-022ff4ff5768] Left local markdown Физика/Лекции/Лекция 13.03/Лекция 13.03.md untouched during preload because it diverged from the last known cached content.
[2026-05-05T00:17:48.551Z] crdt/info: [ws_c3f3722a-8d5c-4545-98b7-022ff4ff5768] Left local markdown Misc/test.md untouched during preload because it diverged from the last known cached content.
[2026-05-05T00:17:48.589Z] crdt/info: [ws_c3f3722a-8d5c-4545-98b7-022ff4ff5768] HTTP markdown bootstrap stored 4 markdown document(s) with 19.3 KB downloaded.
[2026-05-05T00:17:49.911Z] crdt/info: [ws_c3f3722a-8d5c-4545-98b7-022ff4ff5768] Left local markdown АГиТДУ/Лекция/17.04.md untouched during preload because it diverged from the last known cached content.
[2026-05-05T00:17:49.913Z] crdt/info: [ws_c3f3722a-8d5c-4545-98b7-022ff4ff5768] Left local markdown АГиТДУ/Практика/10.04.2026.md untouched during preload because it diverged from the last known cached content.
[2026-05-05T00:17:50.171Z] crdt/info: [ws_c3f3722a-8d5c-4545-98b7-022ff4ff5768] Left local markdown Физика/Лекции/Лекция 13.03/Лекция 13.03.md untouched during preload because it diverged from the last known cached content.
[2026-05-05T00:17:50.638Z] crdt/info: [ws_c3f3722a-8d5c-4545-98b7-022ff4ff5768] Left local markdown Misc/test.md untouched during preload because it diverged from the last known cached content.
[2026-05-05T00:17:50.639Z] crdt/info: [ws_c3f3722a-8d5c-4545-98b7-022ff4ff5768] Refreshed 40/44 closed markdown document(s) via HTTP bootstrap (background-markdown, 0 state update(s)).
[2026-05-05T00:17:56.063Z] crdt/info: [ws_c3f3722a-8d5c-4545-98b7-022ff4ff5768] Left local markdown АГиТДУ/Лекция/17.04.md untouched during preload because it diverged from the last known cached content.
[2026-05-05T00:17:56.067Z] crdt/info: [ws_c3f3722a-8d5c-4545-98b7-022ff4ff5768] Left local markdown АГиТДУ/Практика/10.04.2026.md untouched during preload because it diverged from the last known cached content.
[2026-05-05T00:17:56.293Z] crdt/info: [ws_c3f3722a-8d5c-4545-98b7-022ff4ff5768] Left local markdown Физика/Лекции/Лекция 13.03/Лекция 13.03.md untouched during preload because it diverged from the last known cached content.
[2026-05-05T00:17:56.651Z] crdt/info: [ws_c3f3722a-8d5c-4545-98b7-022ff4ff5768] Preloading 4 markdown document(s) via HTTP bootstrap metadata + state batches (locked-retry).
[2026-05-05T00:17:56.788Z] crdt/info: [ws_c3f3722a-8d5c-4545-98b7-022ff4ff5768] Left local markdown АГиТДУ/Лекция/17.04.md untouched during preload because it diverged from the last known cached content.
[2026-05-05T00:17:56.789Z] crdt/info: [ws_c3f3722a-8d5c-4545-98b7-022ff4ff5768] Left local markdown АГиТДУ/Практика/10.04.2026.md untouched during preload because it diverged from the last known cached content.
[2026-05-05T00:17:56.791Z] crdt/info: [ws_c3f3722a-8d5c-4545-98b7-022ff4ff5768] Left local markdown Физика/Лекции/Лекция 13.03/Лекция 13.03.md untouched during preload because it diverged from the last known cached content.
[2026-05-05T00:17:56.792Z] crdt/info: [ws_c3f3722a-8d5c-4545-98b7-022ff4ff5768] Left local markdown Misc/test.md untouched during preload because it diverged from the last known cached content.
[2026-05-05T00:17:56.818Z] crdt/info: [ws_c3f3722a-8d5c-4545-98b7-022ff4ff5768] Left local markdown Misc/test.md untouched during preload because it diverged from the last known cached content.
[2026-05-05T00:17:56.818Z] crdt/info: [ws_c3f3722a-8d5c-4545-98b7-022ff4ff5768] Refreshed 40/44 closed markdown document(s) via HTTP bootstrap (background-markdown, 0 state update(s)).
[2026-05-05T00:17:56.827Z] crdt/info: [ws_c3f3722a-8d5c-4545-98b7-022ff4ff5768] HTTP markdown bootstrap stored 4 markdown document(s) with 19.3 KB downloaded.
[2026-05-05T00:18:02.211Z] crdt/info: [ws_c3f3722a-8d5c-4545-98b7-022ff4ff5768] Left local markdown АГиТДУ/Лекция/17.04.md untouched during preload because it diverged from the last known cached content.
[2026-05-05T00:18:02.215Z] crdt/info: [ws_c3f3722a-8d5c-4545-98b7-022ff4ff5768] Left local markdown АГиТДУ/Практика/10.04.2026.md untouched during preload because it diverged from the last known cached content.
[2026-05-05T00:18:02.449Z] crdt/info: [ws_c3f3722a-8d5c-4545-98b7-022ff4ff5768] Left local markdown Физика/Лекции/Лекция 13.03/Лекция 13.03.md untouched during preload because it diverged from the last known cached content.
[2026-05-05T00:18:02.978Z] crdt/info: [ws_c3f3722a-8d5c-4545-98b7-022ff4ff5768] Left local markdown Misc/test.md untouched during preload because it diverged from the last known cached content.
[2026-05-05T00:18:02.979Z] crdt/info: [ws_c3f3722a-8d5c-4545-98b7-022ff4ff5768] Refreshed 40/44 closed markdown document(s) via HTTP bootstrap (background-markdown, 0 state update(s)).
[2026-05-05T00:18:04.870Z] crdt/info: [ws_c3f3722a-8d5c-4545-98b7-022ff4ff5768] Preloading 4 markdown document(s) via HTTP bootstrap metadata + state batches (locked-retry).
[2026-05-05T00:18:05.000Z] crdt/info: [ws_c3f3722a-8d5c-4545-98b7-022ff4ff5768] Left local markdown АГиТДУ/Лекция/17.04.md untouched during preload because it diverged from the last known cached content.
[2026-05-05T00:18:05.001Z] crdt/info: [ws_c3f3722a-8d5c-4545-98b7-022ff4ff5768] Left local markdown АГиТДУ/Практика/10.04.2026.md untouched during preload because it diverged from the last known cached content.
[2026-05-05T00:18:05.003Z] crdt/info: [ws_c3f3722a-8d5c-4545-98b7-022ff4ff5768] Left local markdown Физика/Лекции/Лекция 13.03/Лекция 13.03.md untouched during preload because it diverged from the last known cached content.
[2026-05-05T00:18:05.003Z] crdt/info: [ws_c3f3722a-8d5c-4545-98b7-022ff4ff5768] Left local markdown Misc/test.md untouched during preload because it diverged from the last known cached content.
[2026-05-05T00:18:05.052Z] crdt/info: [ws_c3f3722a-8d5c-4545-98b7-022ff4ff5768] HTTP markdown bootstrap stored 4 markdown document(s) with 19.3 KB downloaded.
[2026-05-05T00:18:08.366Z] crdt/info: [ws_c3f3722a-8d5c-4545-98b7-022ff4ff5768] Left local markdown АГиТДУ/Лекция/17.04.md untouched during preload because it diverged from the last known cached content.
[2026-05-05T00:18:08.371Z] crdt/info: [ws_c3f3722a-8d5c-4545-98b7-022ff4ff5768] Left local markdown АГиТДУ/Практика/10.04.2026.md untouched during preload because it diverged from the last known cached content.
[2026-05-05T00:18:08.619Z] crdt/info: [ws_c3f3722a-8d5c-4545-98b7-022ff4ff5768] Left local markdown Физика/Лекции/Лекция 13.03/Лекция 13.03.md untouched during preload because it diverged from the last known cached content.
[2026-05-05T00:18:09.101Z] crdt/info: [ws_c3f3722a-8d5c-4545-98b7-022ff4ff5768] Left local markdown Misc/test.md untouched during preload because it diverged from the last known cached content.
[2026-05-05T00:18:09.101Z] crdt/info: [ws_c3f3722a-8d5c-4545-98b7-022ff4ff5768] Refreshed 40/44 closed markdown document(s) via HTTP bootstrap (background-markdown, 0 state update(s)).
[2026-05-05T00:18:13.100Z] crdt/info: [ws_c3f3722a-8d5c-4545-98b7-022ff4ff5768] Preloading 4 markdown document(s) via HTTP bootstrap metadata + state batches (locked-retry).
[2026-05-05T00:18:13.232Z] crdt/info: [ws_c3f3722a-8d5c-4545-98b7-022ff4ff5768] Left local markdown АГиТДУ/Лекция/17.04.md untouched during preload because it diverged from the last known cached content.
[2026-05-05T00:18:13.234Z] crdt/info: [ws_c3f3722a-8d5c-4545-98b7-022ff4ff5768] Left local markdown АГиТДУ/Практика/10.04.2026.md untouched during preload because it diverged from the last known cached content.
[2026-05-05T00:18:13.236Z] crdt/info: [ws_c3f3722a-8d5c-4545-98b7-022ff4ff5768] Left local markdown Физика/Лекции/Лекция 13.03/Лекция 13.03.md untouched during preload because it diverged from the last known cached content.
[2026-05-05T00:18:13.237Z] crdt/info: [ws_c3f3722a-8d5c-4545-98b7-022ff4ff5768] Left local markdown Misc/test.md untouched during preload because it diverged from the last known cached content.
[2026-05-05T00:18:13.297Z] crdt/info: [ws_c3f3722a-8d5c-4545-98b7-022ff4ff5768] HTTP markdown bootstrap stored 4 markdown document(s) with 19.3 KB downloaded.
[2026-05-05T00:18:14.485Z] crdt/info: [ws_c3f3722a-8d5c-4545-98b7-022ff4ff5768] Left local markdown АГиТДУ/Лекция/17.04.md untouched during preload because it diverged from the last known cached content.
[2026-05-05T00:18:14.489Z] crdt/info: [ws_c3f3722a-8d5c-4545-98b7-022ff4ff5768] Left local markdown АГиТДУ/Практика/10.04.2026.md untouched during preload because it diverged from the last known cached content.
[2026-05-05T00:18:14.722Z] crdt/info: [ws_c3f3722a-8d5c-4545-98b7-022ff4ff5768] Left local markdown Физика/Лекции/Лекция 13.03/Лекция 13.03.md untouched during preload because it diverged from the last known cached content.
[2026-05-05T00:18:15.213Z] crdt/info: [ws_c3f3722a-8d5c-4545-98b7-022ff4ff5768] Left local markdown Misc/test.md untouched during preload because it diverged from the last known cached content.
[2026-05-05T00:18:15.215Z] crdt/info: [ws_c3f3722a-8d5c-4545-98b7-022ff4ff5768] Refreshed 40/44 closed markdown document(s) via HTTP bootstrap (background-markdown, 0 state update(s)).
[2026-05-05T00:18:20.561Z] crdt/info: [ws_c3f3722a-8d5c-4545-98b7-022ff4ff5768] Left local markdown АГиТДУ/Лекция/17.04.md untouched during preload because it diverged from the last known cached content.
[2026-05-05T00:18:20.563Z] crdt/info: [ws_c3f3722a-8d5c-4545-98b7-022ff4ff5768] Left local markdown АГиТДУ/Практика/10.04.2026.md untouched during preload because it diverged from the last known cached content.
[2026-05-05T00:18:20.794Z] crdt/info: [ws_c3f3722a-8d5c-4545-98b7-022ff4ff5768] Left local markdown Физика/Лекции/Лекция 13.03/Лекция 13.03.md untouched during preload because it diverged from the last known cached content.
[2026-05-05T00:18:21.302Z] crdt/info: [ws_c3f3722a-8d5c-4545-98b7-022ff4ff5768] Left local markdown Misc/test.md untouched during preload because it diverged from the last known cached content.
[2026-05-05T00:18:21.302Z] crdt/info: [ws_c3f3722a-8d5c-4545-98b7-022ff4ff5768] Refreshed 40/44 closed markdown document(s) via HTTP bootstrap (background-markdown, 0 state update(s)).
[2026-05-05T00:18:21.349Z] crdt/info: [ws_c3f3722a-8d5c-4545-98b7-022ff4ff5768] Preloading 4 markdown document(s) via HTTP bootstrap metadata + state batches (locked-retry).
[2026-05-05T00:18:21.489Z] crdt/info: [ws_c3f3722a-8d5c-4545-98b7-022ff4ff5768] Left local markdown АГиТДУ/Лекция/17.04.md untouched during preload because it diverged from the last known cached content.
[2026-05-05T00:18:21.490Z] crdt/info: [ws_c3f3722a-8d5c-4545-98b7-022ff4ff5768] Left local markdown АГиТДУ/Практика/10.04.2026.md untouched during preload because it diverged from the last known cached content.
[2026-05-05T00:18:21.493Z] crdt/info: [ws_c3f3722a-8d5c-4545-98b7-022ff4ff5768] Left local markdown Физика/Лекции/Лекция 13.03/Лекция 13.03.md untouched during preload because it diverged from the last known cached content.
[2026-05-05T00:18:21.493Z] crdt/info: [ws_c3f3722a-8d5c-4545-98b7-022ff4ff5768] Left local markdown Misc/test.md untouched during preload because it diverged from the last known cached content.
[2026-05-05T00:18:21.541Z] crdt/info: [ws_c3f3722a-8d5c-4545-98b7-022ff4ff5768] HTTP markdown bootstrap stored 4 markdown document(s) with 19.3 KB downloaded.
[2026-05-05T00:18:26.717Z] crdt/info: [ws_c3f3722a-8d5c-4545-98b7-022ff4ff5768] Left local markdown АГиТДУ/Лекция/17.04.md untouched during preload because it diverged from the last known cached content.
[2026-05-05T00:18:26.721Z] crdt/info: [ws_c3f3722a-8d5c-4545-98b7-022ff4ff5768] Left local markdown АГиТДУ/Практика/10.04.2026.md untouched during preload because it diverged from the last known cached content.
[2026-05-05T00:18:26.962Z] crdt/info: [ws_c3f3722a-8d5c-4545-98b7-022ff4ff5768] Left local markdown Физика/Лекции/Лекция 13.03/Лекция 13.03.md untouched during preload because it diverged from the last known cached content.
[2026-05-05T00:18:27.434Z] crdt/info: [ws_c3f3722a-8d5c-4545-98b7-022ff4ff5768] Left local markdown Misc/test.md untouched during preload because it diverged from the last known cached content.
[2026-05-05T00:18:27.435Z] crdt/info: [ws_c3f3722a-8d5c-4545-98b7-022ff4ff5768] Refreshed 40/44 closed markdown document(s) via HTTP bootstrap (background-markdown, 0 state update(s)).
[2026-05-05T00:18:29.611Z] crdt/info: [ws_c3f3722a-8d5c-4545-98b7-022ff4ff5768] Preloading 4 markdown document(s) via HTTP bootstrap metadata + state batches (locked-retry).
[2026-05-05T00:18:29.747Z] crdt/info: [ws_c3f3722a-8d5c-4545-98b7-022ff4ff5768] Left local markdown АГиТДУ/Лекция/17.04.md untouched during preload because it diverged from the last known cached content.
[2026-05-05T00:18:29.748Z] crdt/info: [ws_c3f3722a-8d5c-4545-98b7-022ff4ff5768] Left local markdown АГиТДУ/Практика/10.04.2026.md untouched during preload because it diverged from the last known cached content.
[2026-05-05T00:18:29.750Z] crdt/info: [ws_c3f3722a-8d5c-4545-98b7-022ff4ff5768] Left local markdown Физика/Лекции/Лекция 13.03/Лекция 13.03.md untouched during preload because it diverged from the last known cached content.
[2026-05-05T00:18:29.751Z] crdt/info: [ws_c3f3722a-8d5c-4545-98b7-022ff4ff5768] Left local markdown Misc/test.md untouched during preload because it diverged from the last known cached content.
[2026-05-05T00:18:29.799Z] crdt/info: [ws_c3f3722a-8d5c-4545-98b7-022ff4ff5768] HTTP markdown bootstrap stored 4 markdown document(s) with 19.3 KB downloaded.
[2026-05-05T00:18:32.824Z] crdt/info: [ws_c3f3722a-8d5c-4545-98b7-022ff4ff5768] Left local markdown АГиТДУ/Лекция/17.04.md untouched during preload because it diverged from the last known cached content.
[2026-05-05T00:18:32.828Z] crdt/info: [ws_c3f3722a-8d5c-4545-98b7-022ff4ff5768] Left local markdown АГиТДУ/Практика/10.04.2026.md untouched during preload because it diverged from the last known cached content.
[2026-05-05T00:18:33.061Z] crdt/info: [ws_c3f3722a-8d5c-4545-98b7-022ff4ff5768] Left local markdown Физика/Лекции/Лекция 13.03/Лекция 13.03.md untouched during preload because it diverged from the last known cached content.
[2026-05-05T00:18:33.595Z] crdt/info: [ws_c3f3722a-8d5c-4545-98b7-022ff4ff5768] Left local markdown Misc/test.md untouched during preload because it diverged from the last known cached content.
[2026-05-05T00:18:33.596Z] crdt/info: [ws_c3f3722a-8d5c-4545-98b7-022ff4ff5768] Refreshed 40/44 closed markdown document(s) via HTTP bootstrap (background-markdown, 0 state update(s)).
[2026-05-05T00:18:37.871Z] crdt/info: [ws_c3f3722a-8d5c-4545-98b7-022ff4ff5768] Preloading 4 markdown document(s) via HTTP bootstrap metadata + state batches (locked-retry).
[2026-05-05T00:18:38.007Z] crdt/info: [ws_c3f3722a-8d5c-4545-98b7-022ff4ff5768] Left local markdown АГиТДУ/Лекция/17.04.md untouched during preload because it diverged from the last known cached content.
[2026-05-05T00:18:38.008Z] crdt/info: [ws_c3f3722a-8d5c-4545-98b7-022ff4ff5768] Left local markdown АГиТДУ/Практика/10.04.2026.md untouched during preload because it diverged from the last known cached content.
[2026-05-05T00:18:38.010Z] crdt/info: [ws_c3f3722a-8d5c-4545-98b7-022ff4ff5768] Left local markdown Физика/Лекции/Лекция 13.03/Лекция 13.03.md untouched during preload because it diverged from the last known cached content.
[2026-05-05T00:18:38.011Z] crdt/info: [ws_c3f3722a-8d5c-4545-98b7-022ff4ff5768] Left local markdown Misc/test.md untouched during preload because it diverged from the last known cached content.
[2026-05-05T00:18:38.053Z] crdt/info: [ws_c3f3722a-8d5c-4545-98b7-022ff4ff5768] HTTP markdown bootstrap stored 4 markdown document(s) with 19.3 KB downloaded.
[2026-05-05T00:18:38.980Z] crdt/info: [ws_c3f3722a-8d5c-4545-98b7-022ff4ff5768] Left local markdown АГиТДУ/Лекция/17.04.md untouched during preload because it diverged from the last known cached content.
[2026-05-05T00:18:38.985Z] crdt/info: [ws_c3f3722a-8d5c-4545-98b7-022ff4ff5768] Left local markdown АГиТДУ/Практика/10.04.2026.md untouched during preload because it diverged from the last known cached content.
[2026-05-05T00:18:39.213Z] crdt/info: [ws_c3f3722a-8d5c-4545-98b7-022ff4ff5768] Left local markdown Физика/Лекции/Лекция 13.03/Лекция 13.03.md untouched during preload because it diverged from the last known cached content.
[2026-05-05T00:18:39.698Z] crdt/info: [ws_c3f3722a-8d5c-4545-98b7-022ff4ff5768] Left local markdown Misc/test.md untouched during preload because it diverged from the last known cached content.
[2026-05-05T00:18:39.699Z] crdt/info: [ws_c3f3722a-8d5c-4545-98b7-022ff4ff5768] Refreshed 40/44 closed markdown document(s) via HTTP bootstrap (background-markdown, 0 state update(s)).
[2026-05-05T00:18:45.109Z] crdt/info: [ws_c3f3722a-8d5c-4545-98b7-022ff4ff5768] Left local markdown АГиТДУ/Лекция/17.04.md untouched during preload because it diverged from the last known cached content.
[2026-05-05T00:18:45.113Z] crdt/info: [ws_c3f3722a-8d5c-4545-98b7-022ff4ff5768] Left local markdown АГиТДУ/Практика/10.04.2026.md untouched during preload because it diverged from the last known cached content.
[2026-05-05T00:18:45.341Z] crdt/info: [ws_c3f3722a-8d5c-4545-98b7-022ff4ff5768] Left local markdown Физика/Лекции/Лекция 13.03/Лекция 13.03.md untouched during preload because it diverged from the last known cached content.
[2026-05-05T00:18:45.821Z] crdt/info: [ws_c3f3722a-8d5c-4545-98b7-022ff4ff5768] Left local markdown Misc/test.md untouched during preload because it diverged from the last known cached content.
[2026-05-05T00:18:45.822Z] crdt/info: [ws_c3f3722a-8d5c-4545-98b7-022ff4ff5768] Refreshed 40/44 closed markdown document(s) via HTTP bootstrap (background-markdown, 0 state update(s)).
[2026-05-05T00:18:46.104Z] crdt/info: [ws_c3f3722a-8d5c-4545-98b7-022ff4ff5768] Preloading 4 markdown document(s) via HTTP bootstrap metadata + state batches (locked-retry).
[2026-05-05T00:18:46.235Z] crdt/info: [ws_c3f3722a-8d5c-4545-98b7-022ff4ff5768] Left local markdown АГиТДУ/Лекция/17.04.md untouched during preload because it diverged from the last known cached content.
[2026-05-05T00:18:46.236Z] crdt/info: [ws_c3f3722a-8d5c-4545-98b7-022ff4ff5768] Left local markdown АГиТДУ/Практика/10.04.2026.md untouched during preload because it diverged from the last known cached content.
[2026-05-05T00:18:46.238Z] crdt/info: [ws_c3f3722a-8d5c-4545-98b7-022ff4ff5768] Left local markdown Физика/Лекции/Лекция 13.03/Лекция 13.03.md untouched during preload because it diverged from the last known cached content.
[2026-05-05T00:18:46.239Z] crdt/info: [ws_c3f3722a-8d5c-4545-98b7-022ff4ff5768] Left local markdown Misc/test.md untouched during preload because it diverged from the last known cached content.
[2026-05-05T00:18:46.272Z] crdt/info: [ws_c3f3722a-8d5c-4545-98b7-022ff4ff5768] HTTP markdown bootstrap stored 4 markdown document(s) with 19.3 KB downloaded.
[2026-05-05T00:18:51.197Z] crdt/info: [ws_c3f3722a-8d5c-4545-98b7-022ff4ff5768] Left local markdown АГиТДУ/Лекция/17.04.md untouched during preload because it diverged from the last known cached content.
[2026-05-05T00:18:51.202Z] crdt/info: [ws_c3f3722a-8d5c-4545-98b7-022ff4ff5768] Left local markdown АГиТДУ/Практика/10.04.2026.md untouched during preload because it diverged from the last known cached content.
[2026-05-05T00:18:51.436Z] crdt/info: [ws_c3f3722a-8d5c-4545-98b7-022ff4ff5768] Left local markdown Физика/Лекции/Лекция 13.03/Лекция 13.03.md untouched during preload because it diverged from the last known cached content.
[2026-05-05T00:18:51.966Z] crdt/info: [ws_c3f3722a-8d5c-4545-98b7-022ff4ff5768] Left local markdown Misc/test.md untouched during preload because it diverged from the last known cached content.
[2026-05-05T00:18:51.967Z] crdt/info: [ws_c3f3722a-8d5c-4545-98b7-022ff4ff5768] Refreshed 40/44 closed markdown document(s) via HTTP bootstrap (background-markdown, 0 state update(s)).
[2026-05-05T00:18:54.326Z] crdt/info: [ws_c3f3722a-8d5c-4545-98b7-022ff4ff5768] Preloading 4 markdown document(s) via HTTP bootstrap metadata + state batches (locked-retry).
[2026-05-05T00:18:54.466Z] crdt/info: [ws_c3f3722a-8d5c-4545-98b7-022ff4ff5768] Left local markdown АГиТДУ/Лекция/17.04.md untouched during preload because it diverged from the last known cached content.
[2026-05-05T00:18:54.468Z] crdt/info: [ws_c3f3722a-8d5c-4545-98b7-022ff4ff5768] Left local markdown АГиТДУ/Практика/10.04.2026.md untouched during preload because it diverged from the last known cached content.
[2026-05-05T00:18:54.469Z] crdt/info: [ws_c3f3722a-8d5c-4545-98b7-022ff4ff5768] Left local markdown Физика/Лекции/Лекция 13.03/Лекция 13.03.md untouched during preload because it diverged from the last known cached content.
[2026-05-05T00:18:54.470Z] crdt/info: [ws_c3f3722a-8d5c-4545-98b7-022ff4ff5768] Left local markdown Misc/test.md untouched during preload because it diverged from the last known cached content.
[2026-05-05T00:18:54.508Z] crdt/info: [ws_c3f3722a-8d5c-4545-98b7-022ff4ff5768] HTTP markdown bootstrap stored 4 markdown document(s) with 19.3 KB downloaded.
[2026-05-05T00:18:57.340Z] crdt/info: [ws_c3f3722a-8d5c-4545-98b7-022ff4ff5768] Left local markdown АГиТДУ/Лекция/17.04.md untouched during preload because it diverged from the last known cached content.
[2026-05-05T00:18:57.345Z] crdt/info: [ws_c3f3722a-8d5c-4545-98b7-022ff4ff5768] Left local markdown АГиТДУ/Практика/10.04.2026.md untouched during preload because it diverged from the last known cached content.
[2026-05-05T00:18:57.578Z] crdt/info: [ws_c3f3722a-8d5c-4545-98b7-022ff4ff5768] Left local markdown Физика/Лекции/Лекция 13.03/Лекция 13.03.md untouched during preload because it diverged from the last known cached content.
[2026-05-05T00:18:58.076Z] crdt/info: [ws_c3f3722a-8d5c-4545-98b7-022ff4ff5768] Left local markdown Misc/test.md untouched during preload because it diverged from the last known cached content.
[2026-05-05T00:18:58.077Z] crdt/info: [ws_c3f3722a-8d5c-4545-98b7-022ff4ff5768] Refreshed 40/44 closed markdown document(s) via HTTP bootstrap (background-markdown, 0 state update(s)).
[2026-05-05T00:19:02.551Z] crdt/info: [ws_c3f3722a-8d5c-4545-98b7-022ff4ff5768] Preloading 4 markdown document(s) via HTTP bootstrap metadata + state batches (locked-retry).
[2026-05-05T00:19:02.687Z] crdt/info: [ws_c3f3722a-8d5c-4545-98b7-022ff4ff5768] Left local markdown АГиТДУ/Лекция/17.04.md untouched during preload because it diverged from the last known cached content.
[2026-05-05T00:19:02.688Z] crdt/info: [ws_c3f3722a-8d5c-4545-98b7-022ff4ff5768] Left local markdown АГиТДУ/Практика/10.04.2026.md untouched during preload because it diverged from the last known cached content.
[2026-05-05T00:19:02.690Z] crdt/info: [ws_c3f3722a-8d5c-4545-98b7-022ff4ff5768] Left local markdown Физика/Лекции/Лекция 13.03/Лекция 13.03.md untouched during preload because it diverged from the last known cached content.
[2026-05-05T00:19:02.690Z] crdt/info: [ws_c3f3722a-8d5c-4545-98b7-022ff4ff5768] Left local markdown Misc/test.md untouched during preload because it diverged from the last known cached content.
[2026-05-05T00:19:02.741Z] crdt/info: [ws_c3f3722a-8d5c-4545-98b7-022ff4ff5768] HTTP markdown bootstrap stored 4 markdown document(s) with 19.3 KB downloaded.
[2026-05-05T00:19:03.454Z] crdt/info: [ws_c3f3722a-8d5c-4545-98b7-022ff4ff5768] Left local markdown АГиТДУ/Лекция/17.04.md untouched during preload because it diverged from the last known cached content.
[2026-05-05T00:19:03.457Z] crdt/info: [ws_c3f3722a-8d5c-4545-98b7-022ff4ff5768] Left local markdown АГиТДУ/Практика/10.04.2026.md untouched during preload because it diverged from the last known cached content.
[2026-05-05T00:19:03.693Z] crdt/info: [ws_c3f3722a-8d5c-4545-98b7-022ff4ff5768] Left local markdown Физика/Лекции/Лекция 13.03/Лекция 13.03.md untouched during preload because it diverged from the last known cached content.
[2026-05-05T00:19:04.184Z] crdt/info: [ws_c3f3722a-8d5c-4545-98b7-022ff4ff5768] Left local markdown Misc/test.md untouched during preload because it diverged from the last known cached content.
[2026-05-05T00:19:04.184Z] crdt/info: [ws_c3f3722a-8d5c-4545-98b7-022ff4ff5768] Refreshed 40/44 closed markdown document(s) via HTTP bootstrap (background-markdown, 0 state update(s)).
[2026-05-05T00:19:09.565Z] crdt/info: [ws_c3f3722a-8d5c-4545-98b7-022ff4ff5768] Left local markdown АГиТДУ/Лекция/17.04.md untouched during preload because it diverged from the last known cached content.
[2026-05-05T00:19:09.567Z] crdt/info: [ws_c3f3722a-8d5c-4545-98b7-022ff4ff5768] Left local markdown АГиТДУ/Практика/10.04.2026.md untouched during preload because it diverged from the last known cached content.
[2026-05-05T00:19:09.786Z] crdt/info: [ws_c3f3722a-8d5c-4545-98b7-022ff4ff5768] Left local markdown Физика/Лекции/Лекция 13.03/Лекция 13.03.md untouched during preload because it diverged from the last known cached content.
[2026-05-05T00:19:10.294Z] crdt/info: [ws_c3f3722a-8d5c-4545-98b7-022ff4ff5768] Left local markdown Misc/test.md untouched during preload because it diverged from the last known cached content.
[2026-05-05T00:19:10.295Z] crdt/info: [ws_c3f3722a-8d5c-4545-98b7-022ff4ff5768] Refreshed 40/44 closed markdown document(s) via HTTP bootstrap (background-markdown, 0 state update(s)).
[2026-05-05T00:19:10.793Z] crdt/info: [ws_c3f3722a-8d5c-4545-98b7-022ff4ff5768] Preloading 4 markdown document(s) via HTTP bootstrap metadata + state batches (locked-retry).
[2026-05-05T00:19:10.924Z] crdt/info: [ws_c3f3722a-8d5c-4545-98b7-022ff4ff5768] Left local markdown АГиТДУ/Лекция/17.04.md untouched during preload because it diverged from the last known cached content.
[2026-05-05T00:19:10.925Z] crdt/info: [ws_c3f3722a-8d5c-4545-98b7-022ff4ff5768] Left local markdown АГиТДУ/Практика/10.04.2026.md untouched during preload because it diverged from the last known cached content.
[2026-05-05T00:19:10.926Z] crdt/info: [ws_c3f3722a-8d5c-4545-98b7-022ff4ff5768] Left local markdown Физика/Лекции/Лекция 13.03/Лекция 13.03.md untouched during preload because it diverged from the last known cached content.
[2026-05-05T00:19:10.926Z] crdt/info: [ws_c3f3722a-8d5c-4545-98b7-022ff4ff5768] Left local markdown Misc/test.md untouched during preload because it diverged from the last known cached content.
[2026-05-05T00:19:10.966Z] crdt/info: [ws_c3f3722a-8d5c-4545-98b7-022ff4ff5768] HTTP markdown bootstrap stored 4 markdown document(s) with 19.3 KB downloaded.
[2026-05-05T00:19:15.690Z] crdt/info: [ws_c3f3722a-8d5c-4545-98b7-022ff4ff5768] Left local markdown АГиТДУ/Лекция/17.04.md untouched during preload because it diverged from the last known cached content.
[2026-05-05T00:19:15.693Z] crdt/info: [ws_c3f3722a-8d5c-4545-98b7-022ff4ff5768] Left local markdown АГиТДУ/Практика/10.04.2026.md untouched during preload because it diverged from the last known cached content.
[2026-05-05T00:19:15.930Z] crdt/info: [ws_c3f3722a-8d5c-4545-98b7-022ff4ff5768] Left local markdown Физика/Лекции/Лекция 13.03/Лекция 13.03.md untouched during preload because it diverged from the last known cached content.
[2026-05-05T00:19:16.474Z] crdt/info: [ws_c3f3722a-8d5c-4545-98b7-022ff4ff5768] Left local markdown Misc/test.md untouched during preload because it diverged from the last known cached content.
[2026-05-05T00:19:16.475Z] crdt/info: [ws_c3f3722a-8d5c-4545-98b7-022ff4ff5768] Refreshed 40/44 closed markdown document(s) via HTTP bootstrap (background-markdown, 0 state update(s)).
[2026-05-05T00:19:19.024Z] crdt/info: [ws_c3f3722a-8d5c-4545-98b7-022ff4ff5768] Preloading 4 markdown document(s) via HTTP bootstrap metadata + state batches (locked-retry).
[2026-05-05T00:19:19.158Z] crdt/info: [ws_c3f3722a-8d5c-4545-98b7-022ff4ff5768] Left local markdown АГиТДУ/Лекция/17.04.md untouched during preload because it diverged from the last known cached content.
[2026-05-05T00:19:19.159Z] crdt/info: [ws_c3f3722a-8d5c-4545-98b7-022ff4ff5768] Left local markdown АГиТДУ/Практика/10.04.2026.md untouched during preload because it diverged from the last known cached content.
[2026-05-05T00:19:19.161Z] crdt/info: [ws_c3f3722a-8d5c-4545-98b7-022ff4ff5768] Left local markdown Физика/Лекции/Лекция 13.03/Лекция 13.03.md untouched during preload because it diverged from the last known cached content.
[2026-05-05T00:19:19.162Z] crdt/info: [ws_c3f3722a-8d5c-4545-98b7-022ff4ff5768] Left local markdown Misc/test.md untouched during preload because it diverged from the last known cached content.
[2026-05-05T00:19:19.211Z] crdt/info: [ws_c3f3722a-8d5c-4545-98b7-022ff4ff5768] HTTP markdown bootstrap stored 4 markdown document(s) with 19.3 KB downloaded.
[2026-05-05T00:19:21.875Z] crdt/info: [ws_c3f3722a-8d5c-4545-98b7-022ff4ff5768] Left local markdown АГиТДУ/Лекция/17.04.md untouched during preload because it diverged from the last known cached content.
[2026-05-05T00:19:21.880Z] crdt/info: [ws_c3f3722a-8d5c-4545-98b7-022ff4ff5768] Left local markdown АГиТДУ/Практика/10.04.2026.md untouched during preload because it diverged from the last known cached content.
[2026-05-05T00:19:22.119Z] crdt/info: [ws_c3f3722a-8d5c-4545-98b7-022ff4ff5768] Left local markdown Физика/Лекции/Лекция 13.03/Лекция 13.03.md untouched during preload because it diverged from the last known cached content.
[2026-05-05T00:19:22.605Z] crdt/info: [ws_c3f3722a-8d5c-4545-98b7-022ff4ff5768] Left local markdown Misc/test.md untouched during preload because it diverged from the last known cached content.
[2026-05-05T00:19:22.606Z] crdt/info: [ws_c3f3722a-8d5c-4545-98b7-022ff4ff5768] Refreshed 40/44 closed markdown document(s) via HTTP bootstrap (background-markdown, 0 state update(s)).
[2026-05-05T00:19:27.265Z] crdt/info: [ws_c3f3722a-8d5c-4545-98b7-022ff4ff5768] Preloading 4 markdown document(s) via HTTP bootstrap metadata + state batches (locked-retry).
[2026-05-05T00:19:27.453Z] crdt/info: [ws_c3f3722a-8d5c-4545-98b7-022ff4ff5768] Left local markdown АГиТДУ/Лекция/17.04.md untouched during preload because it diverged from the last known cached content.
[2026-05-05T00:19:27.454Z] crdt/info: [ws_c3f3722a-8d5c-4545-98b7-022ff4ff5768] Left local markdown АГиТДУ/Практика/10.04.2026.md untouched during preload because it diverged from the last known cached content.
[2026-05-05T00:19:27.455Z] crdt/info: [ws_c3f3722a-8d5c-4545-98b7-022ff4ff5768] Left local markdown Физика/Лекции/Лекция 13.03/Лекция 13.03.md untouched during preload because it diverged from the last known cached content.
[2026-05-05T00:19:27.455Z] crdt/info: [ws_c3f3722a-8d5c-4545-98b7-022ff4ff5768] Left local markdown Misc/test.md untouched during preload because it diverged from the last known cached content.
[2026-05-05T00:19:27.479Z] crdt/info: [ws_c3f3722a-8d5c-4545-98b7-022ff4ff5768] HTTP markdown bootstrap stored 4 markdown document(s) with 19.3 KB downloaded.
[2026-05-05T00:19:28.009Z] crdt/info: [ws_c3f3722a-8d5c-4545-98b7-022ff4ff5768] Left local markdown АГиТДУ/Лекция/17.04.md untouched during preload because it diverged from the last known cached content.
[2026-05-05T00:19:28.015Z] crdt/info: [ws_c3f3722a-8d5c-4545-98b7-022ff4ff5768] Left local markdown АГиТДУ/Практика/10.04.2026.md untouched during preload because it diverged from the last known cached content.
[2026-05-05T00:19:28.289Z] crdt/info: [ws_c3f3722a-8d5c-4545-98b7-022ff4ff5768] Left local markdown Физика/Лекции/Лекция 13.03/Лекция 13.03.md untouched during preload because it diverged from the last known cached content.
[2026-05-05T00:19:28.758Z] crdt/info: [ws_c3f3722a-8d5c-4545-98b7-022ff4ff5768] Left local markdown Misc/test.md untouched during preload because it diverged from the last known cached content.
[2026-05-05T00:19:28.758Z] crdt/info: [ws_c3f3722a-8d5c-4545-98b7-022ff4ff5768] Refreshed 40/44 closed markdown document(s) via HTTP bootstrap (background-markdown, 0 state update(s)).
[2026-05-05T00:19:34.124Z] crdt/info: [ws_c3f3722a-8d5c-4545-98b7-022ff4ff5768] Left local markdown АГиТДУ/Лекция/17.04.md untouched during preload because it diverged from the last known cached content.
[2026-05-05T00:19:34.126Z] crdt/info: [ws_c3f3722a-8d5c-4545-98b7-022ff4ff5768] Left local markdown АГиТДУ/Практика/10.04.2026.md untouched during preload because it diverged from the last known cached content.
[2026-05-05T00:19:34.346Z] crdt/info: [ws_c3f3722a-8d5c-4545-98b7-022ff4ff5768] Left local markdown Физика/Лекции/Лекция 13.03/Лекция 13.03.md untouched during preload because it diverged from the last known cached content.
[2026-05-05T00:19:34.783Z] crdt/info: [ws_c3f3722a-8d5c-4545-98b7-022ff4ff5768] Left local markdown Misc/test.md untouched during preload because it diverged from the last known cached content.
[2026-05-05T00:19:34.784Z] crdt/info: [ws_c3f3722a-8d5c-4545-98b7-022ff4ff5768] Refreshed 40/44 closed markdown document(s) via HTTP bootstrap (background-markdown, 0 state update(s)).
[2026-05-05T00:19:35.507Z] crdt/info: [ws_c3f3722a-8d5c-4545-98b7-022ff4ff5768] Preloading 4 markdown document(s) via HTTP bootstrap metadata + state batches (locked-retry).
[2026-05-05T00:19:35.636Z] crdt/info: [ws_c3f3722a-8d5c-4545-98b7-022ff4ff5768] Left local markdown АГиТДУ/Лекция/17.04.md untouched during preload because it diverged from the last known cached content.
[2026-05-05T00:19:35.636Z] crdt/info: [ws_c3f3722a-8d5c-4545-98b7-022ff4ff5768] Left local markdown АГиТДУ/Практика/10.04.2026.md untouched during preload because it diverged from the last known cached content.
[2026-05-05T00:19:35.637Z] crdt/info: [ws_c3f3722a-8d5c-4545-98b7-022ff4ff5768] Left local markdown Физика/Лекции/Лекция 13.03/Лекция 13.03.md untouched during preload because it diverged from the last known cached content.
[2026-05-05T00:19:35.637Z] crdt/info: [ws_c3f3722a-8d5c-4545-98b7-022ff4ff5768] Left local markdown Misc/test.md untouched during preload because it diverged from the last known cached content.
[2026-05-05T00:19:35.657Z] crdt/info: [ws_c3f3722a-8d5c-4545-98b7-022ff4ff5768] HTTP markdown bootstrap stored 4 markdown document(s) with 19.3 KB downloaded.
[2026-05-05T00:19:40.213Z] crdt/info: [ws_c3f3722a-8d5c-4545-98b7-022ff4ff5768] Left local markdown АГиТДУ/Лекция/17.04.md untouched during preload because it diverged from the last known cached content.
[2026-05-05T00:19:40.221Z] crdt/info: [ws_c3f3722a-8d5c-4545-98b7-022ff4ff5768] Left local markdown АГиТДУ/Практика/10.04.2026.md untouched during preload because it diverged from the last known cached content.
[2026-05-05T00:19:40.486Z] crdt/info: [ws_c3f3722a-8d5c-4545-98b7-022ff4ff5768] Left local markdown Физика/Лекции/Лекция 13.03/Лекция 13.03.md untouched during preload because it diverged from the last known cached content.
[2026-05-05T00:19:41.086Z] crdt/info: [ws_c3f3722a-8d5c-4545-98b7-022ff4ff5768] Left local markdown Misc/test.md untouched during preload because it diverged from the last known cached content.
[2026-05-05T00:19:41.087Z] crdt/info: [ws_c3f3722a-8d5c-4545-98b7-022ff4ff5768] Refreshed 40/44 closed markdown document(s) via HTTP bootstrap (background-markdown, 0 state update(s)).
[2026-05-05T00:19:44.608Z] crdt/info: [ws_c3f3722a-8d5c-4545-98b7-022ff4ff5768] Preloading 4 markdown document(s) via HTTP bootstrap metadata + state batches (locked-retry).
[2026-05-05T00:19:44.740Z] crdt/info: [ws_c3f3722a-8d5c-4545-98b7-022ff4ff5768] Left local markdown АГиТДУ/Лекция/17.04.md untouched during preload because it diverged from the last known cached content.
[2026-05-05T00:19:44.745Z] crdt/info: [ws_c3f3722a-8d5c-4545-98b7-022ff4ff5768] Left local markdown АГиТДУ/Практика/10.04.2026.md untouched during preload because it diverged from the last known cached content.
[2026-05-05T00:19:44.748Z] crdt/info: [ws_c3f3722a-8d5c-4545-98b7-022ff4ff5768] Left local markdown Физика/Лекции/Лекция 13.03/Лекция 13.03.md untouched during preload because it diverged from the last known cached content.
[2026-05-05T00:19:44.750Z] crdt/info: [ws_c3f3722a-8d5c-4545-98b7-022ff4ff5768] Left local markdown Misc/test.md untouched during preload because it diverged from the last known cached content.
[2026-05-05T00:19:44.836Z] crdt/info: [ws_c3f3722a-8d5c-4545-98b7-022ff4ff5768] HTTP markdown bootstrap stored 4 markdown document(s) with 19.3 KB downloaded.
[2026-05-05T00:19:46.937Z] crdt/info: [ws_c3f3722a-8d5c-4545-98b7-022ff4ff5768] Left local markdown АГиТДУ/Лекция/17.04.md untouched during preload because it diverged from the last known cached content.
[2026-05-05T00:19:46.946Z] crdt/info: [ws_c3f3722a-8d5c-4545-98b7-022ff4ff5768] Left local markdown АГиТДУ/Практика/10.04.2026.md untouched during preload because it diverged from the last known cached content.
[2026-05-05T00:19:47.214Z] crdt/info: [ws_c3f3722a-8d5c-4545-98b7-022ff4ff5768] Left local markdown Физика/Лекции/Лекция 13.03/Лекция 13.03.md untouched during preload because it diverged from the last known cached content.
[2026-05-05T00:19:48.166Z] crdt/info: [ws_c3f3722a-8d5c-4545-98b7-022ff4ff5768] Left local markdown Misc/test.md untouched during preload because it diverged from the last known cached content.
[2026-05-05T00:19:48.168Z] crdt/info: [ws_c3f3722a-8d5c-4545-98b7-022ff4ff5768] Refreshed 40/44 closed markdown document(s) via HTTP bootstrap (background-markdown, 0 state update(s)).
[2026-05-05T00:19:53.569Z] crdt/info: [ws_c3f3722a-8d5c-4545-98b7-022ff4ff5768] Preloading 4 markdown document(s) via HTTP bootstrap metadata + state batches (locked-retry).
[2026-05-05T00:19:53.701Z] crdt/info: [ws_c3f3722a-8d5c-4545-98b7-022ff4ff5768] Left local markdown АГиТДУ/Лекция/17.04.md untouched during preload because it diverged from the last known cached content.
[2026-05-05T00:19:53.704Z] crdt/info: [ws_c3f3722a-8d5c-4545-98b7-022ff4ff5768] Left local markdown АГиТДУ/Практика/10.04.2026.md untouched during preload because it diverged from the last known cached content.
[2026-05-05T00:19:53.709Z] crdt/info: [ws_c3f3722a-8d5c-4545-98b7-022ff4ff5768] Left local markdown Физика/Лекции/Лекция 13.03/Лекция 13.03.md untouched during preload because it diverged from the last known cached content.
[2026-05-05T00:19:53.711Z] crdt/info: [ws_c3f3722a-8d5c-4545-98b7-022ff4ff5768] Left local markdown Misc/test.md untouched during preload because it diverged from the last known cached content.
[2026-05-05T00:19:53.803Z] crdt/info: [ws_c3f3722a-8d5c-4545-98b7-022ff4ff5768] HTTP markdown bootstrap stored 4 markdown document(s) with 19.3 KB downloaded.
[2026-05-05T00:19:59.960Z] crdt/info: [ws_c3f3722a-8d5c-4545-98b7-022ff4ff5768] Left local markdown АГиТДУ/Лекция/17.04.md untouched during preload because it diverged from the last known cached content.
[2026-05-05T00:19:59.972Z] crdt/info: [ws_c3f3722a-8d5c-4545-98b7-022ff4ff5768] Left local markdown АГиТДУ/Практика/10.04.2026.md untouched during preload because it diverged from the last known cached content.
[2026-05-05T00:20:00.211Z] crdt/info: [ws_c3f3722a-8d5c-4545-98b7-022ff4ff5768] Left local markdown Физика/Лекции/Лекция 13.03/Лекция 13.03.md untouched during preload because it diverged from the last known cached content.
[2026-05-05T00:20:01.342Z] crdt/info: [ws_c3f3722a-8d5c-4545-98b7-022ff4ff5768] Left local markdown Misc/test.md untouched during preload because it diverged from the last known cached content.
[2026-05-05T00:20:01.343Z] crdt/info: [ws_c3f3722a-8d5c-4545-98b7-022ff4ff5768] Refreshed 40/44 closed markdown document(s) via HTTP bootstrap (background-markdown, 0 state update(s)).
[2026-05-05T00:20:02.592Z] crdt/info: [ws_c3f3722a-8d5c-4545-98b7-022ff4ff5768] Preloading 4 markdown document(s) via HTTP bootstrap metadata + state batches (locked-retry).
[2026-05-05T00:20:02.732Z] crdt/info: [ws_c3f3722a-8d5c-4545-98b7-022ff4ff5768] Left local markdown АГиТДУ/Лекция/17.04.md untouched during preload because it diverged from the last known cached content.
[2026-05-05T00:20:02.735Z] crdt/info: [ws_c3f3722a-8d5c-4545-98b7-022ff4ff5768] Left local markdown АГиТДУ/Практика/10.04.2026.md untouched during preload because it diverged from the last known cached content.
[2026-05-05T00:20:02.740Z] crdt/info: [ws_c3f3722a-8d5c-4545-98b7-022ff4ff5768] Left local markdown Физика/Лекции/Лекция 13.03/Лекция 13.03.md untouched during preload because it diverged from the last known cached content.
[2026-05-05T00:20:02.742Z] crdt/info: [ws_c3f3722a-8d5c-4545-98b7-022ff4ff5768] Left local markdown Misc/test.md untouched during preload because it diverged from the last known cached content.
[2026-05-05T00:20:02.893Z] crdt/info: [ws_c3f3722a-8d5c-4545-98b7-022ff4ff5768] HTTP markdown bootstrap stored 4 markdown document(s) with 19.3 KB downloaded.
[2026-05-05T00:20:06.966Z] crdt/info: [ws_c3f3722a-8d5c-4545-98b7-022ff4ff5768] Left local markdown АГиТДУ/Лекция/17.04.md untouched during preload because it diverged from the last known cached content.
[2026-05-05T00:20:06.979Z] crdt/info: [ws_c3f3722a-8d5c-4545-98b7-022ff4ff5768] Left local markdown АГиТДУ/Практика/10.04.2026.md untouched during preload because it diverged from the last known cached content.
[2026-05-05T00:20:07.278Z] crdt/info: [ws_c3f3722a-8d5c-4545-98b7-022ff4ff5768] Left local markdown Физика/Лекции/Лекция 13.03/Лекция 13.03.md untouched during preload because it diverged from the last known cached content.
[2026-05-05T00:20:07.843Z] crdt/info: [ws_c3f3722a-8d5c-4545-98b7-022ff4ff5768] Left local markdown Misc/test.md untouched during preload because it diverged from the last known cached content.
[2026-05-05T00:20:07.845Z] crdt/info: [ws_c3f3722a-8d5c-4545-98b7-022ff4ff5768] Refreshed 40/44 closed markdown document(s) via HTTP bootstrap (background-markdown, 0 state update(s)).
[2026-05-05T00:20:11.600Z] crdt/info: [ws_c3f3722a-8d5c-4545-98b7-022ff4ff5768] Preloading 4 markdown document(s) via HTTP bootstrap metadata + state batches (locked-retry).
[2026-05-05T00:20:11.744Z] crdt/info: [ws_c3f3722a-8d5c-4545-98b7-022ff4ff5768] Left local markdown АГиТДУ/Лекция/17.04.md untouched during preload because it diverged from the last known cached content.
[2026-05-05T00:20:11.747Z] crdt/info: [ws_c3f3722a-8d5c-4545-98b7-022ff4ff5768] Left local markdown АГиТДУ/Практика/10.04.2026.md untouched during preload because it diverged from the last known cached content.
[2026-05-05T00:20:11.751Z] crdt/info: [ws_c3f3722a-8d5c-4545-98b7-022ff4ff5768] Left local markdown Физика/Лекции/Лекция 13.03/Лекция 13.03.md untouched during preload because it diverged from the last known cached content.
[2026-05-05T00:20:11.753Z] crdt/info: [ws_c3f3722a-8d5c-4545-98b7-022ff4ff5768] Left local markdown Misc/test.md untouched during preload because it diverged from the last known cached content.
[2026-05-05T00:20:11.875Z] crdt/info: [ws_c3f3722a-8d5c-4545-98b7-022ff4ff5768] HTTP markdown bootstrap stored 4 markdown document(s) with 19.3 KB downloaded.
[2026-05-05T00:20:13.932Z] crdt/info: [ws_c3f3722a-8d5c-4545-98b7-022ff4ff5768] Left local markdown АГиТДУ/Лекция/17.04.md untouched during preload because it diverged from the last known cached content.
[2026-05-05T00:20:13.935Z] crdt/info: [ws_c3f3722a-8d5c-4545-98b7-022ff4ff5768] Left local markdown АГиТДУ/Практика/10.04.2026.md untouched during preload because it diverged from the last known cached content.
[2026-05-05T00:20:14.194Z] crdt/info: [ws_c3f3722a-8d5c-4545-98b7-022ff4ff5768] Left local markdown Физика/Лекции/Лекция 13.03/Лекция 13.03.md untouched during preload because it diverged from the last known cached content.
[2026-05-05T00:20:14.833Z] crdt/info: [ws_c3f3722a-8d5c-4545-98b7-022ff4ff5768] Left local markdown Misc/test.md untouched during preload because it diverged from the last known cached content.
[2026-05-05T00:20:14.836Z] crdt/info: [ws_c3f3722a-8d5c-4545-98b7-022ff4ff5768] Refreshed 40/44 closed markdown document(s) via HTTP bootstrap (background-markdown, 0 state update(s)).
[2026-05-05T00:20:20.609Z] crdt/info: [ws_c3f3722a-8d5c-4545-98b7-022ff4ff5768] Preloading 4 markdown document(s) via HTTP bootstrap metadata + state batches (locked-retry).
[2026-05-05T00:20:20.816Z] crdt/info: [ws_c3f3722a-8d5c-4545-98b7-022ff4ff5768] Left local markdown АГиТДУ/Лекция/17.04.md untouched during preload because it diverged from the last known cached content.
[2026-05-05T00:20:20.822Z] crdt/info: [ws_c3f3722a-8d5c-4545-98b7-022ff4ff5768] Left local markdown АГиТДУ/Практика/10.04.2026.md untouched during preload because it diverged from the last known cached content.
[2026-05-05T00:20:20.826Z] crdt/info: [ws_c3f3722a-8d5c-4545-98b7-022ff4ff5768] Left local markdown Физика/Лекции/Лекция 13.03/Лекция 13.03.md untouched during preload because it diverged from the last known cached content.
[2026-05-05T00:20:20.828Z] crdt/info: [ws_c3f3722a-8d5c-4545-98b7-022ff4ff5768] Left local markdown Misc/test.md untouched during preload because it diverged from the last known cached content.
[2026-05-05T00:20:20.922Z] crdt/info: [ws_c3f3722a-8d5c-4545-98b7-022ff4ff5768] HTTP markdown bootstrap stored 4 markdown document(s) with 19.3 KB downloaded.
[2026-05-05T00:20:20.932Z] crdt/info: [ws_c3f3722a-8d5c-4545-98b7-022ff4ff5768] Left local markdown АГиТДУ/Лекция/17.04.md untouched during preload because it diverged from the last known cached content.
[2026-05-05T00:20:20.938Z] crdt/info: [ws_c3f3722a-8d5c-4545-98b7-022ff4ff5768] Left local markdown АГиТДУ/Практика/10.04.2026.md untouched during preload because it diverged from the last known cached content.
[2026-05-05T00:20:21.186Z] crdt/info: [ws_c3f3722a-8d5c-4545-98b7-022ff4ff5768] Left local markdown Физика/Лекции/Лекция 13.03/Лекция 13.03.md untouched during preload because it diverged from the last known cached content.
[2026-05-05T00:20:22.086Z] crdt/info: [ws_c3f3722a-8d5c-4545-98b7-022ff4ff5768] Left local markdown Misc/test.md untouched during preload because it diverged from the last known cached content.
[2026-05-05T00:20:22.088Z] crdt/info: [ws_c3f3722a-8d5c-4545-98b7-022ff4ff5768] Refreshed 40/44 closed markdown document(s) via HTTP bootstrap (background-markdown, 0 state update(s)).
[2026-05-05T00:20:27.926Z] crdt/info: [ws_c3f3722a-8d5c-4545-98b7-022ff4ff5768] Left local markdown АГиТДУ/Лекция/17.04.md untouched during preload because it diverged from the last known cached content.
[2026-05-05T00:20:27.930Z] crdt/info: [ws_c3f3722a-8d5c-4545-98b7-022ff4ff5768] Left local markdown АГиТДУ/Практика/10.04.2026.md untouched during preload because it diverged from the last known cached content.
[2026-05-05T00:20:28.175Z] crdt/info: [ws_c3f3722a-8d5c-4545-98b7-022ff4ff5768] Left local markdown Физика/Лекции/Лекция 13.03/Лекция 13.03.md untouched during preload because it diverged from the last known cached content.
[2026-05-05T00:20:29.131Z] crdt/info: [ws_c3f3722a-8d5c-4545-98b7-022ff4ff5768] Left local markdown Misc/test.md untouched during preload because it diverged from the last known cached content.
[2026-05-05T00:20:29.134Z] crdt/info: [ws_c3f3722a-8d5c-4545-98b7-022ff4ff5768] Refreshed 40/44 closed markdown document(s) via HTTP bootstrap (background-markdown, 0 state update(s)).
[2026-05-05T00:20:29.617Z] crdt/info: [ws_c3f3722a-8d5c-4545-98b7-022ff4ff5768] Preloading 4 markdown document(s) via HTTP bootstrap metadata + state batches (locked-retry).
[2026-05-05T00:20:29.761Z] crdt/info: [ws_c3f3722a-8d5c-4545-98b7-022ff4ff5768] Left local markdown АГиТДУ/Лекция/17.04.md untouched during preload because it diverged from the last known cached content.
[2026-05-05T00:20:29.764Z] crdt/info: [ws_c3f3722a-8d5c-4545-98b7-022ff4ff5768] Left local markdown АГиТДУ/Практика/10.04.2026.md untouched during preload because it diverged from the last known cached content.
[2026-05-05T00:20:29.769Z] crdt/info: [ws_c3f3722a-8d5c-4545-98b7-022ff4ff5768] Left local markdown Физика/Лекции/Лекция 13.03/Лекция 13.03.md untouched during preload because it diverged from the last known cached content.
[2026-05-05T00:20:29.771Z] crdt/info: [ws_c3f3722a-8d5c-4545-98b7-022ff4ff5768] Left local markdown Misc/test.md untouched during preload because it diverged from the last known cached content.
[2026-05-05T00:20:30.174Z] crdt/info: [ws_c3f3722a-8d5c-4545-98b7-022ff4ff5768] HTTP markdown bootstrap stored 4 markdown document(s) with 19.3 KB downloaded.
[2026-05-05T00:20:34.471Z] crdt/info: [ws_c3f3722a-8d5c-4545-98b7-022ff4ff5768] Left local markdown АГиТДУ/Лекция/17.04.md untouched during preload because it diverged from the last known cached content.
[2026-05-05T00:20:34.473Z] crdt/info: [ws_c3f3722a-8d5c-4545-98b7-022ff4ff5768] Left local markdown АГиТДУ/Практика/10.04.2026.md untouched during preload because it diverged from the last known cached content.
[2026-05-05T00:20:34.703Z] crdt/info: [ws_c3f3722a-8d5c-4545-98b7-022ff4ff5768] Left local markdown Физика/Лекции/Лекция 13.03/Лекция 13.03.md untouched during preload because it diverged from the last known cached content.
[2026-05-05T00:20:35.146Z] crdt/info: [ws_c3f3722a-8d5c-4545-98b7-022ff4ff5768] Left local markdown Misc/test.md untouched during preload because it diverged from the last known cached content.
[2026-05-05T00:20:35.147Z] crdt/info: [ws_c3f3722a-8d5c-4545-98b7-022ff4ff5768] Refreshed 40/44 closed markdown document(s) via HTTP bootstrap (background-markdown, 0 state update(s)).
[2026-05-05T00:20:38.209Z] crdt/info: [ws_c3f3722a-8d5c-4545-98b7-022ff4ff5768] Preloading 4 markdown document(s) via HTTP bootstrap metadata + state batches (locked-retry).
[2026-05-05T00:20:38.335Z] crdt/info: [ws_c3f3722a-8d5c-4545-98b7-022ff4ff5768] Left local markdown АГиТДУ/Лекция/17.04.md untouched during preload because it diverged from the last known cached content.
[2026-05-05T00:20:38.336Z] crdt/info: [ws_c3f3722a-8d5c-4545-98b7-022ff4ff5768] Left local markdown АГиТДУ/Практика/10.04.2026.md untouched during preload because it diverged from the last known cached content.
[2026-05-05T00:20:38.337Z] crdt/info: [ws_c3f3722a-8d5c-4545-98b7-022ff4ff5768] Left local markdown Физика/Лекции/Лекция 13.03/Лекция 13.03.md untouched during preload because it diverged from the last known cached content.
[2026-05-05T00:20:38.338Z] crdt/info: [ws_c3f3722a-8d5c-4545-98b7-022ff4ff5768] Left local markdown Misc/test.md untouched during preload because it diverged from the last known cached content.
[2026-05-05T00:20:38.361Z] crdt/info: [ws_c3f3722a-8d5c-4545-98b7-022ff4ff5768] HTTP markdown bootstrap stored 4 markdown document(s) with 19.3 KB downloaded.
[2026-05-05T00:20:40.512Z] crdt/info: [ws_c3f3722a-8d5c-4545-98b7-022ff4ff5768] Left local markdown АГиТДУ/Лекция/17.04.md untouched during preload because it diverged from the last known cached content.
[2026-05-05T00:20:40.518Z] crdt/info: [ws_c3f3722a-8d5c-4545-98b7-022ff4ff5768] Left local markdown АГиТДУ/Практика/10.04.2026.md untouched during preload because it diverged from the last known cached content.
[2026-05-05T00:20:40.763Z] crdt/info: [ws_c3f3722a-8d5c-4545-98b7-022ff4ff5768] Left local markdown Физика/Лекции/Лекция 13.03/Лекция 13.03.md untouched during preload because it diverged from the last known cached content.
[2026-05-05T00:20:41.313Z] crdt/info: [ws_c3f3722a-8d5c-4545-98b7-022ff4ff5768] Left local markdown Misc/test.md untouched during preload because it diverged from the last known cached content.
[2026-05-05T00:20:41.315Z] crdt/info: [ws_c3f3722a-8d5c-4545-98b7-022ff4ff5768] Refreshed 40/44 closed markdown document(s) via HTTP bootstrap (background-markdown, 0 state update(s)).
[2026-05-05T00:20:46.459Z] crdt/info: [ws_c3f3722a-8d5c-4545-98b7-022ff4ff5768] Preloading 4 markdown document(s) via HTTP bootstrap metadata + state batches (locked-retry).
[2026-05-05T00:20:46.636Z] crdt/info: [ws_c3f3722a-8d5c-4545-98b7-022ff4ff5768] Left local markdown АГиТДУ/Лекция/17.04.md untouched during preload because it diverged from the last known cached content.
[2026-05-05T00:20:46.638Z] crdt/info: [ws_c3f3722a-8d5c-4545-98b7-022ff4ff5768] Left local markdown АГиТДУ/Практика/10.04.2026.md untouched during preload because it diverged from the last known cached content.
[2026-05-05T00:20:46.640Z] crdt/info: [ws_c3f3722a-8d5c-4545-98b7-022ff4ff5768] Left local markdown Физика/Лекции/Лекция 13.03/Лекция 13.03.md untouched during preload because it diverged from the last known cached content.
[2026-05-05T00:20:46.641Z] crdt/info: [ws_c3f3722a-8d5c-4545-98b7-022ff4ff5768] Left local markdown Misc/test.md untouched during preload because it diverged from the last known cached content.
[2026-05-05T00:20:46.686Z] crdt/info: [ws_c3f3722a-8d5c-4545-98b7-022ff4ff5768] HTTP markdown bootstrap stored 4 markdown document(s) with 19.3 KB downloaded.
[2026-05-05T00:20:46.744Z] crdt/info: [ws_c3f3722a-8d5c-4545-98b7-022ff4ff5768] Left local markdown АГиТДУ/Лекция/17.04.md untouched during preload because it diverged from the last known cached content.
[2026-05-05T00:20:46.750Z] crdt/info: [ws_c3f3722a-8d5c-4545-98b7-022ff4ff5768] Left local markdown АГиТДУ/Практика/10.04.2026.md untouched during preload because it diverged from the last known cached content.
[2026-05-05T00:20:46.981Z] crdt/info: [ws_c3f3722a-8d5c-4545-98b7-022ff4ff5768] Left local markdown Физика/Лекции/Лекция 13.03/Лекция 13.03.md untouched during preload because it diverged from the last known cached content.
[2026-05-05T00:20:47.584Z] crdt/info: [ws_c3f3722a-8d5c-4545-98b7-022ff4ff5768] Left local markdown Misc/test.md untouched during preload because it diverged from the last known cached content.
[2026-05-05T00:20:47.585Z] crdt/info: [ws_c3f3722a-8d5c-4545-98b7-022ff4ff5768] Refreshed 40/44 closed markdown document(s) via HTTP bootstrap (background-markdown, 0 state update(s)).
[2026-05-05T00:20:52.973Z] crdt/info: [ws_c3f3722a-8d5c-4545-98b7-022ff4ff5768] Left local markdown АГиТДУ/Лекция/17.04.md untouched during preload because it diverged from the last known cached content.
[2026-05-05T00:20:52.977Z] crdt/info: [ws_c3f3722a-8d5c-4545-98b7-022ff4ff5768] Left local markdown АГиТДУ/Практика/10.04.2026.md untouched during preload because it diverged from the last known cached content.
[2026-05-05T00:20:53.287Z] crdt/info: [ws_c3f3722a-8d5c-4545-98b7-022ff4ff5768] Left local markdown Физика/Лекции/Лекция 13.03/Лекция 13.03.md untouched during preload because it diverged from the last known cached content.
[2026-05-05T00:20:53.766Z] crdt/info: [ws_c3f3722a-8d5c-4545-98b7-022ff4ff5768] Left local markdown Misc/test.md untouched during preload because it diverged from the last known cached content.
[2026-05-05T00:20:53.767Z] crdt/info: [ws_c3f3722a-8d5c-4545-98b7-022ff4ff5768] Refreshed 40/44 closed markdown document(s) via HTTP bootstrap (background-markdown, 0 state update(s)).
[2026-05-05T00:20:54.771Z] crdt/info: [ws_c3f3722a-8d5c-4545-98b7-022ff4ff5768] Preloading 4 markdown document(s) via HTTP bootstrap metadata + state batches (locked-retry).
[2026-05-05T00:20:54.916Z] crdt/info: [ws_c3f3722a-8d5c-4545-98b7-022ff4ff5768] Left local markdown АГиТДУ/Лекция/17.04.md untouched during preload because it diverged from the last known cached content.
[2026-05-05T00:20:54.918Z] crdt/info: [ws_c3f3722a-8d5c-4545-98b7-022ff4ff5768] Left local markdown АГиТДУ/Практика/10.04.2026.md untouched during preload because it diverged from the last known cached content.
[2026-05-05T00:20:54.922Z] crdt/info: [ws_c3f3722a-8d5c-4545-98b7-022ff4ff5768] Left local markdown Физика/Лекции/Лекция 13.03/Лекция 13.03.md untouched during preload because it diverged from the last known cached content.
[2026-05-05T00:20:54.923Z] crdt/info: [ws_c3f3722a-8d5c-4545-98b7-022ff4ff5768] Left local markdown Misc/test.md untouched during preload because it diverged from the last known cached content.
[2026-05-05T00:20:55.000Z] crdt/info: [ws_c3f3722a-8d5c-4545-98b7-022ff4ff5768] HTTP markdown bootstrap stored 4 markdown document(s) with 19.3 KB downloaded.
[2026-05-05T00:20:59.167Z] crdt/info: [ws_c3f3722a-8d5c-4545-98b7-022ff4ff5768] Left local markdown АГиТДУ/Лекция/17.04.md untouched during preload because it diverged from the last known cached content.
[2026-05-05T00:20:59.170Z] crdt/info: [ws_c3f3722a-8d5c-4545-98b7-022ff4ff5768] Left local markdown АГиТДУ/Практика/10.04.2026.md untouched during preload because it diverged from the last known cached content.
[2026-05-05T00:20:59.409Z] crdt/info: [ws_c3f3722a-8d5c-4545-98b7-022ff4ff5768] Left local markdown Физика/Лекции/Лекция 13.03/Лекция 13.03.md untouched during preload because it diverged from the last known cached content.
[2026-05-05T00:20:59.908Z] crdt/info: [ws_c3f3722a-8d5c-4545-98b7-022ff4ff5768] Left local markdown Misc/test.md untouched during preload because it diverged from the last known cached content.
[2026-05-05T00:20:59.909Z] crdt/info: [ws_c3f3722a-8d5c-4545-98b7-022ff4ff5768] Refreshed 40/44 closed markdown document(s) via HTTP bootstrap (background-markdown, 0 state update(s)).
[2026-05-05T00:21:03.091Z] crdt/info: [ws_c3f3722a-8d5c-4545-98b7-022ff4ff5768] Preloading 4 markdown document(s) via HTTP bootstrap metadata + state batches (locked-retry).
[2026-05-05T00:21:03.234Z] crdt/info: [ws_c3f3722a-8d5c-4545-98b7-022ff4ff5768] Left local markdown АГиТДУ/Лекция/17.04.md untouched during preload because it diverged from the last known cached content.
[2026-05-05T00:21:03.236Z] crdt/info: [ws_c3f3722a-8d5c-4545-98b7-022ff4ff5768] Left local markdown АГиТДУ/Практика/10.04.2026.md untouched during preload because it diverged from the last known cached content.
[2026-05-05T00:21:03.239Z] crdt/info: [ws_c3f3722a-8d5c-4545-98b7-022ff4ff5768] Left local markdown Физика/Лекции/Лекция 13.03/Лекция 13.03.md untouched during preload because it diverged from the last known cached content.
[2026-05-05T00:21:03.240Z] crdt/info: [ws_c3f3722a-8d5c-4545-98b7-022ff4ff5768] Left local markdown Misc/test.md untouched during preload because it diverged from the last known cached content.
[2026-05-05T00:21:03.313Z] crdt/info: [ws_c3f3722a-8d5c-4545-98b7-022ff4ff5768] HTTP markdown bootstrap stored 4 markdown document(s) with 19.3 KB downloaded.
[2026-05-05T00:21:05.318Z] crdt/info: [ws_c3f3722a-8d5c-4545-98b7-022ff4ff5768] Left local markdown АГиТДУ/Лекция/17.04.md untouched during preload because it diverged from the last known cached content.
[2026-05-05T00:21:05.325Z] crdt/info: [ws_c3f3722a-8d5c-4545-98b7-022ff4ff5768] Left local markdown АГиТДУ/Практика/10.04.2026.md untouched during preload because it diverged from the last known cached content.
[2026-05-05T00:21:05.566Z] crdt/info: [ws_c3f3722a-8d5c-4545-98b7-022ff4ff5768] Left local markdown Физика/Лекции/Лекция 13.03/Лекция 13.03.md untouched during preload because it diverged from the last known cached content.
[2026-05-05T00:21:06.189Z] crdt/info: [ws_c3f3722a-8d5c-4545-98b7-022ff4ff5768] Left local markdown Misc/test.md untouched during preload because it diverged from the last known cached content.
[2026-05-05T00:21:06.190Z] crdt/info: [ws_c3f3722a-8d5c-4545-98b7-022ff4ff5768] Refreshed 40/44 closed markdown document(s) via HTTP bootstrap (background-markdown, 0 state update(s)).
[2026-05-05T00:21:11.411Z] crdt/info: [ws_c3f3722a-8d5c-4545-98b7-022ff4ff5768] Preloading 4 markdown document(s) via HTTP bootstrap metadata + state batches (locked-retry).
[2026-05-05T00:21:11.568Z] crdt/info: [ws_c3f3722a-8d5c-4545-98b7-022ff4ff5768] Left local markdown АГиТДУ/Лекция/17.04.md untouched during preload because it diverged from the last known cached content.
[2026-05-05T00:21:11.570Z] crdt/info: [ws_c3f3722a-8d5c-4545-98b7-022ff4ff5768] Left local markdown АГиТДУ/Практика/10.04.2026.md untouched during preload because it diverged from the last known cached content.
[2026-05-05T00:21:11.572Z] crdt/info: [ws_c3f3722a-8d5c-4545-98b7-022ff4ff5768] Left local markdown Физика/Лекции/Лекция 13.03/Лекция 13.03.md untouched during preload because it diverged from the last known cached content.
[2026-05-05T00:21:11.573Z] crdt/info: [ws_c3f3722a-8d5c-4545-98b7-022ff4ff5768] Left local markdown Misc/test.md untouched during preload because it diverged from the last known cached content.
[2026-05-05T00:21:11.624Z] crdt/info: [ws_c3f3722a-8d5c-4545-98b7-022ff4ff5768] HTTP markdown bootstrap stored 4 markdown document(s) with 19.3 KB downloaded.
[2026-05-05T00:21:11.664Z] crdt/info: [ws_c3f3722a-8d5c-4545-98b7-022ff4ff5768] Left local markdown АГиТДУ/Лекция/17.04.md untouched during preload because it diverged from the last known cached content.
[2026-05-05T00:21:11.667Z] crdt/info: [ws_c3f3722a-8d5c-4545-98b7-022ff4ff5768] Left local markdown АГиТДУ/Практика/10.04.2026.md untouched during preload because it diverged from the last known cached content.
[2026-05-05T00:21:11.913Z] crdt/info: [ws_c3f3722a-8d5c-4545-98b7-022ff4ff5768] Left local markdown Физика/Лекции/Лекция 13.03/Лекция 13.03.md untouched during preload because it diverged from the last known cached content.
[2026-05-05T00:21:12.541Z] crdt/info: [ws_c3f3722a-8d5c-4545-98b7-022ff4ff5768] Left local markdown Misc/test.md untouched during preload because it diverged from the last known cached content.
[2026-05-05T00:21:12.542Z] crdt/info: [ws_c3f3722a-8d5c-4545-98b7-022ff4ff5768] Refreshed 40/44 closed markdown document(s) via HTTP bootstrap (background-markdown, 0 state update(s)).
[2026-05-05T00:21:17.977Z] crdt/info: [ws_c3f3722a-8d5c-4545-98b7-022ff4ff5768] Left local markdown АГиТДУ/Лекция/17.04.md untouched during preload because it diverged from the last known cached content.
[2026-05-05T00:21:17.984Z] crdt/info: [ws_c3f3722a-8d5c-4545-98b7-022ff4ff5768] Left local markdown АГиТДУ/Практика/10.04.2026.md untouched during preload because it diverged from the last known cached content.
[2026-05-05T00:21:18.236Z] crdt/info: [ws_c3f3722a-8d5c-4545-98b7-022ff4ff5768] Left local markdown Физика/Лекции/Лекция 13.03/Лекция 13.03.md untouched during preload because it diverged from the last known cached content.
[2026-05-05T00:21:18.851Z] crdt/info: [ws_c3f3722a-8d5c-4545-98b7-022ff4ff5768] Left local markdown Misc/test.md untouched during preload because it diverged from the last known cached content.
[2026-05-05T00:21:18.852Z] crdt/info: [ws_c3f3722a-8d5c-4545-98b7-022ff4ff5768] Refreshed 40/44 closed markdown document(s) via HTTP bootstrap (background-markdown, 0 state update(s)).
[2026-05-05T00:21:19.725Z] crdt/info: [ws_c3f3722a-8d5c-4545-98b7-022ff4ff5768] Preloading 4 markdown document(s) via HTTP bootstrap metadata + state batches (locked-retry).
[2026-05-05T00:21:19.866Z] crdt/info: [ws_c3f3722a-8d5c-4545-98b7-022ff4ff5768] Left local markdown АГиТДУ/Лекция/17.04.md untouched during preload because it diverged from the last known cached content.
[2026-05-05T00:21:19.868Z] crdt/info: [ws_c3f3722a-8d5c-4545-98b7-022ff4ff5768] Left local markdown АГиТДУ/Практика/10.04.2026.md untouched during preload because it diverged from the last known cached content.
[2026-05-05T00:21:19.871Z] crdt/info: [ws_c3f3722a-8d5c-4545-98b7-022ff4ff5768] Left local markdown Физика/Лекции/Лекция 13.03/Лекция 13.03.md untouched during preload because it diverged from the last known cached content.
[2026-05-05T00:21:19.872Z] crdt/info: [ws_c3f3722a-8d5c-4545-98b7-022ff4ff5768] Left local markdown Misc/test.md untouched during preload because it diverged from the last known cached content.
[2026-05-05T00:21:19.916Z] crdt/info: [ws_c3f3722a-8d5c-4545-98b7-022ff4ff5768] HTTP markdown bootstrap stored 4 markdown document(s) with 19.3 KB downloaded.
[2026-05-05T00:21:24.257Z] crdt/info: [ws_c3f3722a-8d5c-4545-98b7-022ff4ff5768] Left local markdown АГиТДУ/Лекция/17.04.md untouched during preload because it diverged from the last known cached content.
[2026-05-05T00:21:24.263Z] crdt/info: [ws_c3f3722a-8d5c-4545-98b7-022ff4ff5768] Left local markdown АГиТДУ/Практика/10.04.2026.md untouched during preload because it diverged from the last known cached content.
[2026-05-05T00:21:24.513Z] crdt/info: [ws_c3f3722a-8d5c-4545-98b7-022ff4ff5768] Left local markdown Физика/Лекции/Лекция 13.03/Лекция 13.03.md untouched during preload because it diverged from the last known cached content.
[2026-05-05T00:21:25.096Z] crdt/info: [ws_c3f3722a-8d5c-4545-98b7-022ff4ff5768] Left local markdown Misc/test.md untouched during preload because it diverged from the last known cached content.
[2026-05-05T00:21:25.097Z] crdt/info: [ws_c3f3722a-8d5c-4545-98b7-022ff4ff5768] Refreshed 40/44 closed markdown document(s) via HTTP bootstrap (background-markdown, 0 state update(s)).
[2026-05-05T00:21:27.968Z] crdt/info: [ws_c3f3722a-8d5c-4545-98b7-022ff4ff5768] Preloading 4 markdown document(s) via HTTP bootstrap metadata + state batches (locked-retry).
[2026-05-05T00:21:28.106Z] crdt/info: [ws_c3f3722a-8d5c-4545-98b7-022ff4ff5768] Left local markdown АГиТДУ/Лекция/17.04.md untouched during preload because it diverged from the last known cached content.
[2026-05-05T00:21:28.110Z] crdt/info: [ws_c3f3722a-8d5c-4545-98b7-022ff4ff5768] Left local markdown АГиТДУ/Практика/10.04.2026.md untouched during preload because it diverged from the last known cached content.
[2026-05-05T00:21:28.113Z] crdt/info: [ws_c3f3722a-8d5c-4545-98b7-022ff4ff5768] Left local markdown Физика/Лекции/Лекция 13.03/Лекция 13.03.md untouched during preload because it diverged from the last known cached content.
[2026-05-05T00:21:28.115Z] crdt/info: [ws_c3f3722a-8d5c-4545-98b7-022ff4ff5768] Left local markdown Misc/test.md untouched during preload because it diverged from the last known cached content.
[2026-05-05T00:21:28.201Z] crdt/info: [ws_c3f3722a-8d5c-4545-98b7-022ff4ff5768] HTTP markdown bootstrap stored 4 markdown document(s) with 19.3 KB downloaded.
[2026-05-05T00:21:30.486Z] crdt/info: [ws_c3f3722a-8d5c-4545-98b7-022ff4ff5768] Left local markdown АГиТДУ/Лекция/17.04.md untouched during preload because it diverged from the last known cached content.
[2026-05-05T00:21:30.489Z] crdt/info: [ws_c3f3722a-8d5c-4545-98b7-022ff4ff5768] Left local markdown АГиТДУ/Практика/10.04.2026.md untouched during preload because it diverged from the last known cached content.
[2026-05-05T00:21:30.744Z] crdt/info: [ws_c3f3722a-8d5c-4545-98b7-022ff4ff5768] Left local markdown Физика/Лекции/Лекция 13.03/Лекция 13.03.md untouched during preload because it diverged from the last known cached content.
[2026-05-05T00:21:31.226Z] crdt/info: [ws_c3f3722a-8d5c-4545-98b7-022ff4ff5768] Left local markdown Misc/test.md untouched during preload because it diverged from the last known cached content.
[2026-05-05T00:21:31.228Z] crdt/info: [ws_c3f3722a-8d5c-4545-98b7-022ff4ff5768] Refreshed 40/44 closed markdown document(s) via HTTP bootstrap (background-markdown, 0 state update(s)).
[2026-05-05T00:21:36.296Z] crdt/info: [ws_c3f3722a-8d5c-4545-98b7-022ff4ff5768] Preloading 4 markdown document(s) via HTTP bootstrap metadata + state batches (locked-retry).
[2026-05-05T00:21:36.432Z] crdt/info: [ws_c3f3722a-8d5c-4545-98b7-022ff4ff5768] Left local markdown АГиТДУ/Лекция/17.04.md untouched during preload because it diverged from the last known cached content.
[2026-05-05T00:21:36.433Z] crdt/info: [ws_c3f3722a-8d5c-4545-98b7-022ff4ff5768] Left local markdown АГиТДУ/Практика/10.04.2026.md untouched during preload because it diverged from the last known cached content.
[2026-05-05T00:21:36.435Z] crdt/info: [ws_c3f3722a-8d5c-4545-98b7-022ff4ff5768] Left local markdown Физика/Лекции/Лекция 13.03/Лекция 13.03.md untouched during preload because it diverged from the last known cached content.
[2026-05-05T00:21:36.435Z] crdt/info: [ws_c3f3722a-8d5c-4545-98b7-022ff4ff5768] Left local markdown Misc/test.md untouched during preload because it diverged from the last known cached content.
[2026-05-05T00:21:36.485Z] crdt/info: [ws_c3f3722a-8d5c-4545-98b7-022ff4ff5768] HTTP markdown bootstrap stored 4 markdown document(s) with 19.3 KB downloaded.
[2026-05-05T00:21:41.683Z] crdt/info: [ws_c3f3722a-8d5c-4545-98b7-022ff4ff5768] Left local markdown АГиТДУ/Лекция/17.04.md untouched during preload because it diverged from the last known cached content.
[2026-05-05T00:21:41.686Z] crdt/info: [ws_c3f3722a-8d5c-4545-98b7-022ff4ff5768] Left local markdown АГиТДУ/Практика/10.04.2026.md untouched during preload because it diverged from the last known cached content.
[2026-05-05T00:21:41.912Z] crdt/info: [ws_c3f3722a-8d5c-4545-98b7-022ff4ff5768] Left local markdown Физика/Лекции/Лекция 13.03/Лекция 13.03.md untouched during preload because it diverged from the last known cached content.
[2026-05-05T00:21:42.501Z] crdt/info: [ws_c3f3722a-8d5c-4545-98b7-022ff4ff5768] Left local markdown Misc/test.md untouched during preload because it diverged from the last known cached content.
[2026-05-05T00:21:42.502Z] crdt/info: [ws_c3f3722a-8d5c-4545-98b7-022ff4ff5768] Refreshed 40/44 closed markdown document(s) via HTTP bootstrap (background-markdown, 0 state update(s)).
[2026-05-05T00:21:44.574Z] crdt/info: [ws_c3f3722a-8d5c-4545-98b7-022ff4ff5768] Preloading 4 markdown document(s) via HTTP bootstrap metadata + state batches (locked-retry).
[2026-05-05T00:21:44.712Z] crdt/info: [ws_c3f3722a-8d5c-4545-98b7-022ff4ff5768] Left local markdown АГиТДУ/Лекция/17.04.md untouched during preload because it diverged from the last known cached content.
[2026-05-05T00:21:44.714Z] crdt/info: [ws_c3f3722a-8d5c-4545-98b7-022ff4ff5768] Left local markdown АГиТДУ/Практика/10.04.2026.md untouched during preload because it diverged from the last known cached content.
[2026-05-05T00:21:44.717Z] crdt/info: [ws_c3f3722a-8d5c-4545-98b7-022ff4ff5768] Left local markdown Физика/Лекции/Лекция 13.03/Лекция 13.03.md untouched during preload because it diverged from the last known cached content.
[2026-05-05T00:21:44.719Z] crdt/info: [ws_c3f3722a-8d5c-4545-98b7-022ff4ff5768] Left local markdown Misc/test.md untouched during preload because it diverged from the last known cached content.
[2026-05-05T00:21:44.813Z] crdt/info: [ws_c3f3722a-8d5c-4545-98b7-022ff4ff5768] HTTP markdown bootstrap stored 4 markdown document(s) with 19.3 KB downloaded.
[2026-05-05T00:21:47.937Z] crdt/info: [ws_c3f3722a-8d5c-4545-98b7-022ff4ff5768] Left local markdown АГиТДУ/Лекция/17.04.md untouched during preload because it diverged from the last known cached content.
[2026-05-05T00:21:47.944Z] crdt/info: [ws_c3f3722a-8d5c-4545-98b7-022ff4ff5768] Left local markdown АГиТДУ/Практика/10.04.2026.md untouched during preload because it diverged from the last known cached content.
[2026-05-05T00:21:48.182Z] crdt/info: [ws_c3f3722a-8d5c-4545-98b7-022ff4ff5768] Left local markdown Физика/Лекции/Лекция 13.03/Лекция 13.03.md untouched during preload because it diverged from the last known cached content.
[2026-05-05T00:21:48.771Z] crdt/info: [ws_c3f3722a-8d5c-4545-98b7-022ff4ff5768] Left local markdown Misc/test.md untouched during preload because it diverged from the last known cached content.
[2026-05-05T00:21:48.773Z] crdt/info: [ws_c3f3722a-8d5c-4545-98b7-022ff4ff5768] Refreshed 40/44 closed markdown document(s) via HTTP bootstrap (background-markdown, 0 state update(s)).
[2026-05-05T00:21:52.883Z] crdt/info: [ws_c3f3722a-8d5c-4545-98b7-022ff4ff5768] Preloading 4 markdown document(s) via HTTP bootstrap metadata + state batches (locked-retry).
[2026-05-05T00:21:53.013Z] crdt/info: [ws_c3f3722a-8d5c-4545-98b7-022ff4ff5768] Left local markdown АГиТДУ/Лекция/17.04.md untouched during preload because it diverged from the last known cached content.
[2026-05-05T00:21:53.014Z] crdt/info: [ws_c3f3722a-8d5c-4545-98b7-022ff4ff5768] Left local markdown АГиТДУ/Практика/10.04.2026.md untouched during preload because it diverged from the last known cached content.
[2026-05-05T00:21:53.016Z] crdt/info: [ws_c3f3722a-8d5c-4545-98b7-022ff4ff5768] Left local markdown Физика/Лекции/Лекция 13.03/Лекция 13.03.md untouched during preload because it diverged from the last known cached content.
[2026-05-05T00:21:53.016Z] crdt/info: [ws_c3f3722a-8d5c-4545-98b7-022ff4ff5768] Left local markdown Misc/test.md untouched during preload because it diverged from the last known cached content.
[2026-05-05T00:21:53.053Z] crdt/info: [ws_c3f3722a-8d5c-4545-98b7-022ff4ff5768] HTTP markdown bootstrap stored 4 markdown document(s) with 19.3 KB downloaded.
[2026-05-05T00:21:54.147Z] crdt/info: [ws_c3f3722a-8d5c-4545-98b7-022ff4ff5768] Left local markdown АГиТДУ/Лекция/17.04.md untouched during preload because it diverged from the last known cached content.
[2026-05-05T00:21:54.155Z] crdt/info: [ws_c3f3722a-8d5c-4545-98b7-022ff4ff5768] Left local markdown АГиТДУ/Практика/10.04.2026.md untouched during preload because it diverged from the last known cached content.
[2026-05-05T00:21:54.421Z] crdt/info: [ws_c3f3722a-8d5c-4545-98b7-022ff4ff5768] Left local markdown Физика/Лекции/Лекция 13.03/Лекция 13.03.md untouched during preload because it diverged from the last known cached content.
[2026-05-05T00:21:55.087Z] crdt/info: [ws_c3f3722a-8d5c-4545-98b7-022ff4ff5768] Left local markdown Misc/test.md untouched during preload because it diverged from the last known cached content.
[2026-05-05T00:21:55.089Z] crdt/info: [ws_c3f3722a-8d5c-4545-98b7-022ff4ff5768] Refreshed 40/44 closed markdown document(s) via HTTP bootstrap (background-markdown, 0 state update(s)).
[2026-05-05T00:22:00.501Z] crdt/info: [ws_c3f3722a-8d5c-4545-98b7-022ff4ff5768] Left local markdown АГиТДУ/Лекция/17.04.md untouched during preload because it diverged from the last known cached content.
[2026-05-05T00:22:00.509Z] crdt/info: [ws_c3f3722a-8d5c-4545-98b7-022ff4ff5768] Left local markdown АГиТДУ/Практика/10.04.2026.md untouched during preload because it diverged from the last known cached content.
[2026-05-05T00:22:00.765Z] crdt/info: [ws_c3f3722a-8d5c-4545-98b7-022ff4ff5768] Left local markdown Физика/Лекции/Лекция 13.03/Лекция 13.03.md untouched during preload because it diverged from the last known cached content.
[2026-05-05T00:22:01.114Z] crdt/info: [ws_c3f3722a-8d5c-4545-98b7-022ff4ff5768] Preloading 4 markdown document(s) via HTTP bootstrap metadata + state batches (locked-retry).
[2026-05-05T00:22:01.253Z] crdt/info: [ws_c3f3722a-8d5c-4545-98b7-022ff4ff5768] Left local markdown АГиТДУ/Лекция/17.04.md untouched during preload because it diverged from the last known cached content.
[2026-05-05T00:22:01.254Z] crdt/info: [ws_c3f3722a-8d5c-4545-98b7-022ff4ff5768] Left local markdown АГиТДУ/Практика/10.04.2026.md untouched during preload because it diverged from the last known cached content.
[2026-05-05T00:22:01.256Z] crdt/info: [ws_c3f3722a-8d5c-4545-98b7-022ff4ff5768] Left local markdown Физика/Лекции/Лекция 13.03/Лекция 13.03.md untouched during preload because it diverged from the last known cached content.
[2026-05-05T00:22:01.258Z] crdt/info: [ws_c3f3722a-8d5c-4545-98b7-022ff4ff5768] Left local markdown Misc/test.md untouched during preload because it diverged from the last known cached content.
[2026-05-05T00:22:01.309Z] crdt/info: [ws_c3f3722a-8d5c-4545-98b7-022ff4ff5768] HTTP markdown bootstrap stored 4 markdown document(s) with 19.3 KB downloaded.
[2026-05-05T00:22:01.364Z] crdt/info: [ws_c3f3722a-8d5c-4545-98b7-022ff4ff5768] Left local markdown Misc/test.md untouched during preload because it diverged from the last known cached content.
[2026-05-05T00:22:01.365Z] crdt/info: [ws_c3f3722a-8d5c-4545-98b7-022ff4ff5768] Refreshed 40/44 closed markdown document(s) via HTTP bootstrap (background-markdown, 0 state update(s)).
[2026-05-05T00:22:06.790Z] crdt/info: [ws_c3f3722a-8d5c-4545-98b7-022ff4ff5768] Left local markdown АГиТДУ/Лекция/17.04.md untouched during preload because it diverged from the last known cached content.
[2026-05-05T00:22:06.798Z] crdt/info: [ws_c3f3722a-8d5c-4545-98b7-022ff4ff5768] Left local markdown АГиТДУ/Практика/10.04.2026.md untouched during preload because it diverged from the last known cached content.
[2026-05-05T00:22:07.046Z] crdt/info: [ws_c3f3722a-8d5c-4545-98b7-022ff4ff5768] Left local markdown Физика/Лекции/Лекция 13.03/Лекция 13.03.md untouched during preload because it diverged from the last known cached content.
[2026-05-05T00:22:07.545Z] crdt/info: [ws_c3f3722a-8d5c-4545-98b7-022ff4ff5768] Left local markdown Misc/test.md untouched during preload because it diverged from the last known cached content.
[2026-05-05T00:22:07.546Z] crdt/info: [ws_c3f3722a-8d5c-4545-98b7-022ff4ff5768] Refreshed 40/44 closed markdown document(s) via HTTP bootstrap (background-markdown, 0 state update(s)).
[2026-05-05T00:22:09.352Z] crdt/info: [ws_c3f3722a-8d5c-4545-98b7-022ff4ff5768] Preloading 4 markdown document(s) via HTTP bootstrap metadata + state batches (locked-retry).
[2026-05-05T00:22:09.492Z] crdt/info: [ws_c3f3722a-8d5c-4545-98b7-022ff4ff5768] Left local markdown АГиТДУ/Лекция/17.04.md untouched during preload because it diverged from the last known cached content.
[2026-05-05T00:22:09.494Z] crdt/info: [ws_c3f3722a-8d5c-4545-98b7-022ff4ff5768] Left local markdown АГиТДУ/Практика/10.04.2026.md untouched during preload because it diverged from the last known cached content.
[2026-05-05T00:22:09.497Z] crdt/info: [ws_c3f3722a-8d5c-4545-98b7-022ff4ff5768] Left local markdown Физика/Лекции/Лекция 13.03/Лекция 13.03.md untouched during preload because it diverged from the last known cached content.
[2026-05-05T00:22:09.499Z] crdt/info: [ws_c3f3722a-8d5c-4545-98b7-022ff4ff5768] Left local markdown Misc/test.md untouched during preload because it diverged from the last known cached content.
[2026-05-05T00:22:09.586Z] crdt/info: [ws_c3f3722a-8d5c-4545-98b7-022ff4ff5768] HTTP markdown bootstrap stored 4 markdown document(s) with 19.3 KB downloaded.
[2026-05-05T00:22:12.938Z] crdt/info: [ws_c3f3722a-8d5c-4545-98b7-022ff4ff5768] Left local markdown АГиТДУ/Лекция/17.04.md untouched during preload because it diverged from the last known cached content.
[2026-05-05T00:22:12.946Z] crdt/info: [ws_c3f3722a-8d5c-4545-98b7-022ff4ff5768] Left local markdown АГиТДУ/Практика/10.04.2026.md untouched during preload because it diverged from the last known cached content.
[2026-05-05T00:22:13.206Z] crdt/info: [ws_c3f3722a-8d5c-4545-98b7-022ff4ff5768] Left local markdown Физика/Лекции/Лекция 13.03/Лекция 13.03.md untouched during preload because it diverged from the last known cached content.
[2026-05-05T00:22:13.830Z] crdt/info: [ws_c3f3722a-8d5c-4545-98b7-022ff4ff5768] Left local markdown Misc/test.md untouched during preload because it diverged from the last known cached content.
[2026-05-05T00:22:13.832Z] crdt/info: [ws_c3f3722a-8d5c-4545-98b7-022ff4ff5768] Refreshed 40/44 closed markdown document(s) via HTTP bootstrap (background-markdown, 0 state update(s)).
[2026-05-05T00:22:17.664Z] crdt/info: [ws_c3f3722a-8d5c-4545-98b7-022ff4ff5768] Preloading 4 markdown document(s) via HTTP bootstrap metadata + state batches (locked-retry).
[2026-05-05T00:22:17.806Z] crdt/info: [ws_c3f3722a-8d5c-4545-98b7-022ff4ff5768] Left local markdown АГиТДУ/Лекция/17.04.md untouched during preload because it diverged from the last known cached content.
[2026-05-05T00:22:17.809Z] crdt/info: [ws_c3f3722a-8d5c-4545-98b7-022ff4ff5768] Left local markdown АГиТДУ/Практика/10.04.2026.md untouched during preload because it diverged from the last known cached content.
[2026-05-05T00:22:17.812Z] crdt/info: [ws_c3f3722a-8d5c-4545-98b7-022ff4ff5768] Left local markdown Физика/Лекции/Лекция 13.03/Лекция 13.03.md untouched during preload because it diverged from the last known cached content.
[2026-05-05T00:22:17.814Z] crdt/info: [ws_c3f3722a-8d5c-4545-98b7-022ff4ff5768] Left local markdown Misc/test.md untouched during preload because it diverged from the last known cached content.
[2026-05-05T00:22:17.872Z] crdt/info: [ws_c3f3722a-8d5c-4545-98b7-022ff4ff5768] HTTP markdown bootstrap stored 4 markdown document(s) with 19.3 KB downloaded.
[2026-05-05T00:22:19.238Z] crdt/info: [ws_c3f3722a-8d5c-4545-98b7-022ff4ff5768] Left local markdown АГиТДУ/Лекция/17.04.md untouched during preload because it diverged from the last known cached content.
[2026-05-05T00:22:19.244Z] crdt/info: [ws_c3f3722a-8d5c-4545-98b7-022ff4ff5768] Left local markdown АГиТДУ/Практика/10.04.2026.md untouched during preload because it diverged from the last known cached content.
[2026-05-05T00:22:19.489Z] crdt/info: [ws_c3f3722a-8d5c-4545-98b7-022ff4ff5768] Left local markdown Физика/Лекции/Лекция 13.03/Лекция 13.03.md untouched during preload because it diverged from the last known cached content.
[2026-05-05T00:22:20.149Z] crdt/info: [ws_c3f3722a-8d5c-4545-98b7-022ff4ff5768] Left local markdown Misc/test.md untouched during preload because it diverged from the last known cached content.
[2026-05-05T00:22:20.151Z] crdt/info: [ws_c3f3722a-8d5c-4545-98b7-022ff4ff5768] Refreshed 40/44 closed markdown document(s) via HTTP bootstrap (background-markdown, 0 state update(s)).
[2026-05-05T00:22:25.587Z] crdt/info: [ws_c3f3722a-8d5c-4545-98b7-022ff4ff5768] Left local markdown АГиТДУ/Лекция/17.04.md untouched during preload because it diverged from the last known cached content.
[2026-05-05T00:22:25.594Z] crdt/info: [ws_c3f3722a-8d5c-4545-98b7-022ff4ff5768] Left local markdown АГиТДУ/Практика/10.04.2026.md untouched during preload because it diverged from the last known cached content.
[2026-05-05T00:22:25.844Z] crdt/info: [ws_c3f3722a-8d5c-4545-98b7-022ff4ff5768] Left local markdown Физика/Лекции/Лекция 13.03/Лекция 13.03.md untouched during preload because it diverged from the last known cached content.
[2026-05-05T00:22:25.919Z] crdt/info: [ws_c3f3722a-8d5c-4545-98b7-022ff4ff5768] Preloading 4 markdown document(s) via HTTP bootstrap metadata + state batches (locked-retry).
[2026-05-05T00:22:26.079Z] crdt/info: [ws_c3f3722a-8d5c-4545-98b7-022ff4ff5768] Left local markdown АГиТДУ/Лекция/17.04.md untouched during preload because it diverged from the last known cached content.
[2026-05-05T00:22:26.083Z] crdt/info: [ws_c3f3722a-8d5c-4545-98b7-022ff4ff5768] Left local markdown АГиТДУ/Практика/10.04.2026.md untouched during preload because it diverged from the last known cached content.
[2026-05-05T00:22:26.087Z] crdt/info: [ws_c3f3722a-8d5c-4545-98b7-022ff4ff5768] Left local markdown Физика/Лекции/Лекция 13.03/Лекция 13.03.md untouched during preload because it diverged from the last known cached content.
[2026-05-05T00:22:26.089Z] crdt/info: [ws_c3f3722a-8d5c-4545-98b7-022ff4ff5768] Left local markdown Misc/test.md untouched during preload because it diverged from the last known cached content.
[2026-05-05T00:22:26.226Z] crdt/info: [ws_c3f3722a-8d5c-4545-98b7-022ff4ff5768] HTTP markdown bootstrap stored 4 markdown document(s) with 19.3 KB downloaded.
[2026-05-05T00:22:26.528Z] crdt/info: [ws_c3f3722a-8d5c-4545-98b7-022ff4ff5768] Left local markdown Misc/test.md untouched during preload because it diverged from the last known cached content.
[2026-05-05T00:22:26.530Z] crdt/info: [ws_c3f3722a-8d5c-4545-98b7-022ff4ff5768] Refreshed 40/44 closed markdown document(s) via HTTP bootstrap (background-markdown, 0 state update(s)).
[2026-05-05T00:22:31.945Z] crdt/info: [ws_c3f3722a-8d5c-4545-98b7-022ff4ff5768] Left local markdown АГиТДУ/Лекция/17.04.md untouched during preload because it diverged from the last known cached content.
[2026-05-05T00:22:31.951Z] crdt/info: [ws_c3f3722a-8d5c-4545-98b7-022ff4ff5768] Left local markdown АГиТДУ/Практика/10.04.2026.md untouched during preload because it diverged from the last known cached content.
[2026-05-05T00:22:32.191Z] crdt/info: [ws_c3f3722a-8d5c-4545-98b7-022ff4ff5768] Left local markdown Физика/Лекции/Лекция 13.03/Лекция 13.03.md untouched during preload because it diverged from the last known cached content.
[2026-05-05T00:22:32.820Z] crdt/info: [ws_c3f3722a-8d5c-4545-98b7-022ff4ff5768] Left local markdown Misc/test.md untouched during preload because it diverged from the last known cached content.
[2026-05-05T00:22:32.821Z] crdt/info: [ws_c3f3722a-8d5c-4545-98b7-022ff4ff5768] Refreshed 40/44 closed markdown document(s) via HTTP bootstrap (background-markdown, 0 state update(s)).
[2026-05-05T00:22:34.318Z] crdt/info: [ws_c3f3722a-8d5c-4545-98b7-022ff4ff5768] Preloading 4 markdown document(s) via HTTP bootstrap metadata + state batches (locked-retry).
[2026-05-05T00:22:34.453Z] crdt/info: [ws_c3f3722a-8d5c-4545-98b7-022ff4ff5768] Left local markdown АГиТДУ/Лекция/17.04.md untouched during preload because it diverged from the last known cached content.
[2026-05-05T00:22:34.455Z] crdt/info: [ws_c3f3722a-8d5c-4545-98b7-022ff4ff5768] Left local markdown АГиТДУ/Практика/10.04.2026.md untouched during preload because it diverged from the last known cached content.
[2026-05-05T00:22:34.458Z] crdt/info: [ws_c3f3722a-8d5c-4545-98b7-022ff4ff5768] Left local markdown Физика/Лекции/Лекция 13.03/Лекция 13.03.md untouched during preload because it diverged from the last known cached content.
[2026-05-05T00:22:34.460Z] crdt/info: [ws_c3f3722a-8d5c-4545-98b7-022ff4ff5768] Left local markdown Misc/test.md untouched during preload because it diverged from the last known cached content.
[2026-05-05T00:22:34.534Z] crdt/info: [ws_c3f3722a-8d5c-4545-98b7-022ff4ff5768] HTTP markdown bootstrap stored 4 markdown document(s) with 19.3 KB downloaded.
[2026-05-05T00:22:38.239Z] crdt/info: [ws_c3f3722a-8d5c-4545-98b7-022ff4ff5768] Left local markdown АГиТДУ/Лекция/17.04.md untouched during preload because it diverged from the last known cached content.
[2026-05-05T00:22:38.245Z] crdt/info: [ws_c3f3722a-8d5c-4545-98b7-022ff4ff5768] Left local markdown АГиТДУ/Практика/10.04.2026.md untouched during preload because it diverged from the last known cached content.
[2026-05-05T00:22:38.502Z] crdt/info: [ws_c3f3722a-8d5c-4545-98b7-022ff4ff5768] Left local markdown Физика/Лекции/Лекция 13.03/Лекция 13.03.md untouched during preload because it diverged from the last known cached content.
[2026-05-05T00:22:39.060Z] crdt/info: [ws_c3f3722a-8d5c-4545-98b7-022ff4ff5768] Left local markdown Misc/test.md untouched during preload because it diverged from the last known cached content.
[2026-05-05T00:22:39.063Z] crdt/info: [ws_c3f3722a-8d5c-4545-98b7-022ff4ff5768] Refreshed 40/44 closed markdown document(s) via HTTP bootstrap (background-markdown, 0 state update(s)).
[2026-05-05T00:22:42.617Z] crdt/info: [ws_c3f3722a-8d5c-4545-98b7-022ff4ff5768] Preloading 4 markdown document(s) via HTTP bootstrap metadata + state batches (locked-retry).
[2026-05-05T00:22:42.757Z] crdt/info: [ws_c3f3722a-8d5c-4545-98b7-022ff4ff5768] Left local markdown АГиТДУ/Лекция/17.04.md untouched during preload because it diverged from the last known cached content.
[2026-05-05T00:22:42.760Z] crdt/info: [ws_c3f3722a-8d5c-4545-98b7-022ff4ff5768] Left local markdown АГиТДУ/Практика/10.04.2026.md untouched during preload because it diverged from the last known cached content.
[2026-05-05T00:22:42.763Z] crdt/info: [ws_c3f3722a-8d5c-4545-98b7-022ff4ff5768] Left local markdown Физика/Лекции/Лекция 13.03/Лекция 13.03.md untouched during preload because it diverged from the last known cached content.
[2026-05-05T00:22:42.765Z] crdt/info: [ws_c3f3722a-8d5c-4545-98b7-022ff4ff5768] Left local markdown Misc/test.md untouched during preload because it diverged from the last known cached content.
[2026-05-05T00:22:42.822Z] crdt/info: [ws_c3f3722a-8d5c-4545-98b7-022ff4ff5768] HTTP markdown bootstrap stored 4 markdown document(s) with 19.3 KB downloaded.
[2026-05-05T00:22:44.464Z] crdt/info: [ws_c3f3722a-8d5c-4545-98b7-022ff4ff5768] Left local markdown АГиТДУ/Лекция/17.04.md untouched during preload because it diverged from the last known cached content.
[2026-05-05T00:22:44.471Z] crdt/info: [ws_c3f3722a-8d5c-4545-98b7-022ff4ff5768] Left local markdown АГиТДУ/Практика/10.04.2026.md untouched during preload because it diverged from the last known cached content.
[2026-05-05T00:22:44.721Z] crdt/info: [ws_c3f3722a-8d5c-4545-98b7-022ff4ff5768] Left local markdown Физика/Лекции/Лекция 13.03/Лекция 13.03.md untouched during preload because it diverged from the last known cached content.
[2026-05-05T00:22:45.299Z] crdt/info: [ws_c3f3722a-8d5c-4545-98b7-022ff4ff5768] Left local markdown Misc/test.md untouched during preload because it diverged from the last known cached content.
[2026-05-05T00:22:45.300Z] crdt/info: [ws_c3f3722a-8d5c-4545-98b7-022ff4ff5768] Refreshed 40/44 closed markdown document(s) via HTTP bootstrap (background-markdown, 0 state update(s)).
[2026-05-05T00:22:50.712Z] crdt/info: [ws_c3f3722a-8d5c-4545-98b7-022ff4ff5768] Left local markdown АГиТДУ/Лекция/17.04.md untouched during preload because it diverged from the last known cached content.
[2026-05-05T00:22:50.718Z] crdt/info: [ws_c3f3722a-8d5c-4545-98b7-022ff4ff5768] Left local markdown АГиТДУ/Практика/10.04.2026.md untouched during preload because it diverged from the last known cached content.
[2026-05-05T00:22:50.937Z] crdt/info: [ws_c3f3722a-8d5c-4545-98b7-022ff4ff5768] Preloading 4 markdown document(s) via HTTP bootstrap metadata + state batches (locked-retry).
[2026-05-05T00:22:50.964Z] crdt/info: [ws_c3f3722a-8d5c-4545-98b7-022ff4ff5768] Left local markdown Физика/Лекции/Лекция 13.03/Лекция 13.03.md untouched during preload because it diverged from the last known cached content.
[2026-05-05T00:22:51.078Z] crdt/info: [ws_c3f3722a-8d5c-4545-98b7-022ff4ff5768] Left local markdown АГиТДУ/Лекция/17.04.md untouched during preload because it diverged from the last known cached content.
[2026-05-05T00:22:51.080Z] crdt/info: [ws_c3f3722a-8d5c-4545-98b7-022ff4ff5768] Left local markdown АГиТДУ/Практика/10.04.2026.md untouched during preload because it diverged from the last known cached content.
[2026-05-05T00:22:51.084Z] crdt/info: [ws_c3f3722a-8d5c-4545-98b7-022ff4ff5768] Left local markdown Физика/Лекции/Лекция 13.03/Лекция 13.03.md untouched during preload because it diverged from the last known cached content.
[2026-05-05T00:22:51.086Z] crdt/info: [ws_c3f3722a-8d5c-4545-98b7-022ff4ff5768] Left local markdown Misc/test.md untouched during preload because it diverged from the last known cached content.
[2026-05-05T00:22:51.132Z] crdt/info: [ws_c3f3722a-8d5c-4545-98b7-022ff4ff5768] HTTP markdown bootstrap stored 4 markdown document(s) with 19.3 KB downloaded.
[2026-05-05T00:22:51.555Z] crdt/info: [ws_c3f3722a-8d5c-4545-98b7-022ff4ff5768] Left local markdown Misc/test.md untouched during preload because it diverged from the last known cached content.
[2026-05-05T00:22:51.557Z] crdt/info: [ws_c3f3722a-8d5c-4545-98b7-022ff4ff5768] Refreshed 40/44 closed markdown document(s) via HTTP bootstrap (background-markdown, 0 state update(s)).
[2026-05-05T00:22:57.015Z] crdt/info: [ws_c3f3722a-8d5c-4545-98b7-022ff4ff5768] Left local markdown АГиТДУ/Лекция/17.04.md untouched during preload because it diverged from the last known cached content.
[2026-05-05T00:22:57.021Z] crdt/info: [ws_c3f3722a-8d5c-4545-98b7-022ff4ff5768] Left local markdown АГиТДУ/Практика/10.04.2026.md untouched during preload because it diverged from the last known cached content.
[2026-05-05T00:22:57.291Z] crdt/info: [ws_c3f3722a-8d5c-4545-98b7-022ff4ff5768] Left local markdown Физика/Лекции/Лекция 13.03/Лекция 13.03.md untouched during preload because it diverged from the last known cached content.
[2026-05-05T00:22:57.929Z] crdt/info: [ws_c3f3722a-8d5c-4545-98b7-022ff4ff5768] Left local markdown Misc/test.md untouched during preload because it diverged from the last known cached content.
[2026-05-05T00:22:57.931Z] crdt/info: [ws_c3f3722a-8d5c-4545-98b7-022ff4ff5768] Refreshed 40/44 closed markdown document(s) via HTTP bootstrap (background-markdown, 0 state update(s)).
[2026-05-05T00:22:59.225Z] crdt/info: [ws_c3f3722a-8d5c-4545-98b7-022ff4ff5768] Preloading 4 markdown document(s) via HTTP bootstrap metadata + state batches (locked-retry).
[2026-05-05T00:22:59.374Z] crdt/info: [ws_c3f3722a-8d5c-4545-98b7-022ff4ff5768] Left local markdown АГиТДУ/Лекция/17.04.md untouched during preload because it diverged from the last known cached content.
[2026-05-05T00:22:59.376Z] crdt/info: [ws_c3f3722a-8d5c-4545-98b7-022ff4ff5768] Left local markdown АГиТДУ/Практика/10.04.2026.md untouched during preload because it diverged from the last known cached content.
[2026-05-05T00:22:59.380Z] crdt/info: [ws_c3f3722a-8d5c-4545-98b7-022ff4ff5768] Left local markdown Физика/Лекции/Лекция 13.03/Лекция 13.03.md untouched during preload because it diverged from the last known cached content.
[2026-05-05T00:22:59.382Z] crdt/info: [ws_c3f3722a-8d5c-4545-98b7-022ff4ff5768] Left local markdown Misc/test.md untouched during preload because it diverged from the last known cached content.
[2026-05-05T00:22:59.469Z] crdt/info: [ws_c3f3722a-8d5c-4545-98b7-022ff4ff5768] HTTP markdown bootstrap stored 4 markdown document(s) with 19.3 KB downloaded.
[2026-05-05T00:23:03.335Z] crdt/info: [ws_c3f3722a-8d5c-4545-98b7-022ff4ff5768] Left local markdown АГиТДУ/Лекция/17.04.md untouched during preload because it diverged from the last known cached content.
[2026-05-05T00:23:03.345Z] crdt/info: [ws_c3f3722a-8d5c-4545-98b7-022ff4ff5768] Left local markdown АГиТДУ/Практика/10.04.2026.md untouched during preload because it diverged from the last known cached content.
[2026-05-05T00:23:03.569Z] crdt/info: [ws_c3f3722a-8d5c-4545-98b7-022ff4ff5768] Left local markdown Физика/Лекции/Лекция 13.03/Лекция 13.03.md untouched during preload because it diverged from the last known cached content.
[2026-05-05T00:23:04.180Z] crdt/info: [ws_c3f3722a-8d5c-4545-98b7-022ff4ff5768] Left local markdown Misc/test.md untouched during preload because it diverged from the last known cached content.
[2026-05-05T00:23:04.181Z] crdt/info: [ws_c3f3722a-8d5c-4545-98b7-022ff4ff5768] Refreshed 40/44 closed markdown document(s) via HTTP bootstrap (background-markdown, 0 state update(s)).
[2026-05-05T00:23:07.549Z] crdt/info: [ws_c3f3722a-8d5c-4545-98b7-022ff4ff5768] Preloading 4 markdown document(s) via HTTP bootstrap metadata + state batches (locked-retry).
[2026-05-05T00:23:07.688Z] crdt/info: [ws_c3f3722a-8d5c-4545-98b7-022ff4ff5768] Left local markdown АГиТДУ/Лекция/17.04.md untouched during preload because it diverged from the last known cached content.
[2026-05-05T00:23:07.691Z] crdt/info: [ws_c3f3722a-8d5c-4545-98b7-022ff4ff5768] Left local markdown АГиТДУ/Практика/10.04.2026.md untouched during preload because it diverged from the last known cached content.
[2026-05-05T00:23:07.694Z] crdt/info: [ws_c3f3722a-8d5c-4545-98b7-022ff4ff5768] Left local markdown Физика/Лекции/Лекция 13.03/Лекция 13.03.md untouched during preload because it diverged from the last known cached content.
[2026-05-05T00:23:07.696Z] crdt/info: [ws_c3f3722a-8d5c-4545-98b7-022ff4ff5768] Left local markdown Misc/test.md untouched during preload because it diverged from the last known cached content.
[2026-05-05T00:23:07.769Z] crdt/info: [ws_c3f3722a-8d5c-4545-98b7-022ff4ff5768] HTTP markdown bootstrap stored 4 markdown document(s) with 19.3 KB downloaded.
[2026-05-05T00:23:09.564Z] crdt/info: [ws_c3f3722a-8d5c-4545-98b7-022ff4ff5768] Left local markdown АГиТДУ/Лекция/17.04.md untouched during preload because it diverged from the last known cached content.
[2026-05-05T00:23:09.568Z] crdt/info: [ws_c3f3722a-8d5c-4545-98b7-022ff4ff5768] Left local markdown АГиТДУ/Практика/10.04.2026.md untouched during preload because it diverged from the last known cached content.
[2026-05-05T00:23:09.809Z] crdt/info: [ws_c3f3722a-8d5c-4545-98b7-022ff4ff5768] Left local markdown Физика/Лекции/Лекция 13.03/Лекция 13.03.md untouched during preload because it diverged from the last known cached content.
[2026-05-05T00:23:10.303Z] crdt/info: [ws_c3f3722a-8d5c-4545-98b7-022ff4ff5768] Left local markdown Misc/test.md untouched during preload because it diverged from the last known cached content.
[2026-05-05T00:23:10.303Z] crdt/info: [ws_c3f3722a-8d5c-4545-98b7-022ff4ff5768] Refreshed 40/44 closed markdown document(s) via HTTP bootstrap (background-markdown, 0 state update(s)).
[2026-05-05T00:23:15.708Z] crdt/info: [ws_c3f3722a-8d5c-4545-98b7-022ff4ff5768] Left local markdown АГиТДУ/Лекция/17.04.md untouched during preload because it diverged from the last known cached content.
[2026-05-05T00:23:15.715Z] crdt/info: [ws_c3f3722a-8d5c-4545-98b7-022ff4ff5768] Left local markdown АГиТДУ/Практика/10.04.2026.md untouched during preload because it diverged from the last known cached content.
[2026-05-05T00:23:15.860Z] crdt/info: [ws_c3f3722a-8d5c-4545-98b7-022ff4ff5768] Preloading 4 markdown document(s) via HTTP bootstrap metadata + state batches (locked-retry).
[2026-05-05T00:23:15.963Z] crdt/info: [ws_c3f3722a-8d5c-4545-98b7-022ff4ff5768] Left local markdown Физика/Лекции/Лекция 13.03/Лекция 13.03.md untouched during preload because it diverged from the last known cached content.
[2026-05-05T00:23:16.003Z] crdt/info: [ws_c3f3722a-8d5c-4545-98b7-022ff4ff5768] Left local markdown АГиТДУ/Лекция/17.04.md untouched during preload because it diverged from the last known cached content.
[2026-05-05T00:23:16.005Z] crdt/info: [ws_c3f3722a-8d5c-4545-98b7-022ff4ff5768] Left local markdown АГиТДУ/Практика/10.04.2026.md untouched during preload because it diverged from the last known cached content.
[2026-05-05T00:23:16.010Z] crdt/info: [ws_c3f3722a-8d5c-4545-98b7-022ff4ff5768] Left local markdown Физика/Лекции/Лекция 13.03/Лекция 13.03.md untouched during preload because it diverged from the last known cached content.
[2026-05-05T00:23:16.011Z] crdt/info: [ws_c3f3722a-8d5c-4545-98b7-022ff4ff5768] Left local markdown Misc/test.md untouched during preload because it diverged from the last known cached content.
[2026-05-05T00:23:16.088Z] crdt/info: [ws_c3f3722a-8d5c-4545-98b7-022ff4ff5768] HTTP markdown bootstrap stored 4 markdown document(s) with 19.3 KB downloaded.
[2026-05-05T00:23:16.557Z] crdt/info: [ws_c3f3722a-8d5c-4545-98b7-022ff4ff5768] Left local markdown Misc/test.md untouched during preload because it diverged from the last known cached content.
[2026-05-05T00:23:16.558Z] crdt/info: [ws_c3f3722a-8d5c-4545-98b7-022ff4ff5768] Refreshed 40/44 closed markdown document(s) via HTTP bootstrap (background-markdown, 0 state update(s)).
[2026-05-05T00:23:21.957Z] crdt/info: [ws_c3f3722a-8d5c-4545-98b7-022ff4ff5768] Left local markdown АГиТДУ/Лекция/17.04.md untouched during preload because it diverged from the last known cached content.
[2026-05-05T00:23:21.963Z] crdt/info: [ws_c3f3722a-8d5c-4545-98b7-022ff4ff5768] Left local markdown АГиТДУ/Практика/10.04.2026.md untouched during preload because it diverged from the last known cached content.
[2026-05-05T00:23:22.201Z] crdt/info: [ws_c3f3722a-8d5c-4545-98b7-022ff4ff5768] Left local markdown Физика/Лекции/Лекция 13.03/Лекция 13.03.md untouched during preload because it diverged from the last known cached content.
[2026-05-05T00:23:22.805Z] crdt/info: [ws_c3f3722a-8d5c-4545-98b7-022ff4ff5768] Left local markdown Misc/test.md untouched during preload because it diverged from the last known cached content.
[2026-05-05T00:23:22.808Z] crdt/info: [ws_c3f3722a-8d5c-4545-98b7-022ff4ff5768] Refreshed 40/44 closed markdown document(s) via HTTP bootstrap (background-markdown, 0 state update(s)).
[2026-05-05T00:23:24.146Z] crdt/info: [ws_c3f3722a-8d5c-4545-98b7-022ff4ff5768] Preloading 4 markdown document(s) via HTTP bootstrap metadata + state batches (locked-retry).
[2026-05-05T00:23:24.287Z] crdt/info: [ws_c3f3722a-8d5c-4545-98b7-022ff4ff5768] Left local markdown АГиТДУ/Лекция/17.04.md untouched during preload because it diverged from the last known cached content.
[2026-05-05T00:23:24.288Z] crdt/info: [ws_c3f3722a-8d5c-4545-98b7-022ff4ff5768] Left local markdown АГиТДУ/Практика/10.04.2026.md untouched during preload because it diverged from the last known cached content.
[2026-05-05T00:23:24.291Z] crdt/info: [ws_c3f3722a-8d5c-4545-98b7-022ff4ff5768] Left local markdown Физика/Лекции/Лекция 13.03/Лекция 13.03.md untouched during preload because it diverged from the last known cached content.
[2026-05-05T00:23:24.292Z] crdt/info: [ws_c3f3722a-8d5c-4545-98b7-022ff4ff5768] Left local markdown Misc/test.md untouched during preload because it diverged from the last known cached content.
[2026-05-05T00:23:24.329Z] crdt/info: [ws_c3f3722a-8d5c-4545-98b7-022ff4ff5768] HTTP markdown bootstrap stored 4 markdown document(s) with 19.3 KB downloaded.
[2026-05-05T00:23:28.369Z] crdt/info: [ws_c3f3722a-8d5c-4545-98b7-022ff4ff5768] Left local markdown АГиТДУ/Лекция/17.04.md untouched during preload because it diverged from the last known cached content.
[2026-05-05T00:23:28.375Z] crdt/info: [ws_c3f3722a-8d5c-4545-98b7-022ff4ff5768] Left local markdown АГиТДУ/Практика/10.04.2026.md untouched during preload because it diverged from the last known cached content.
[2026-05-05T00:23:28.829Z] crdt/info: [ws_c3f3722a-8d5c-4545-98b7-022ff4ff5768] Left local markdown Физика/Лекции/Лекция 13.03/Лекция 13.03.md untouched during preload because it diverged from the last known cached content.
[2026-05-05T00:23:29.722Z] crdt/info: [ws_c3f3722a-8d5c-4545-98b7-022ff4ff5768] Left local markdown Misc/test.md untouched during preload because it diverged from the last known cached content.
[2026-05-05T00:23:29.722Z] crdt/info: [ws_c3f3722a-8d5c-4545-98b7-022ff4ff5768] Refreshed 40/44 closed markdown document(s) via HTTP bootstrap (background-markdown, 0 state update(s)).
[2026-05-05T00:23:32.414Z] crdt/info: [ws_c3f3722a-8d5c-4545-98b7-022ff4ff5768] Preloading 4 markdown document(s) via HTTP bootstrap metadata + state batches (locked-retry).
[2026-05-05T00:23:32.549Z] crdt/info: [ws_c3f3722a-8d5c-4545-98b7-022ff4ff5768] Left local markdown АГиТДУ/Лекция/17.04.md untouched during preload because it diverged from the last known cached content.
[2026-05-05T00:23:32.552Z] crdt/info: [ws_c3f3722a-8d5c-4545-98b7-022ff4ff5768] Left local markdown АГиТДУ/Практика/10.04.2026.md untouched during preload because it diverged from the last known cached content.
[2026-05-05T00:23:32.555Z] crdt/info: [ws_c3f3722a-8d5c-4545-98b7-022ff4ff5768] Left local markdown Физика/Лекции/Лекция 13.03/Лекция 13.03.md untouched during preload because it diverged from the last known cached content.
[2026-05-05T00:23:32.557Z] crdt/info: [ws_c3f3722a-8d5c-4545-98b7-022ff4ff5768] Left local markdown Misc/test.md untouched during preload because it diverged from the last known cached content.
[2026-05-05T00:23:32.622Z] crdt/info: [ws_c3f3722a-8d5c-4545-98b7-022ff4ff5768] HTTP markdown bootstrap stored 4 markdown document(s) with 19.3 KB downloaded.
[2026-05-05T00:23:35.138Z] crdt/info: [ws_c3f3722a-8d5c-4545-98b7-022ff4ff5768] Left local markdown АГиТДУ/Лекция/17.04.md untouched during preload because it diverged from the last known cached content.
[2026-05-05T00:23:35.145Z] crdt/info: [ws_c3f3722a-8d5c-4545-98b7-022ff4ff5768] Left local markdown АГиТДУ/Практика/10.04.2026.md untouched during preload because it diverged from the last known cached content.
[2026-05-05T00:23:35.384Z] crdt/info: [ws_c3f3722a-8d5c-4545-98b7-022ff4ff5768] Left local markdown Физика/Лекции/Лекция 13.03/Лекция 13.03.md untouched during preload because it diverged from the last known cached content.
[2026-05-05T00:23:35.970Z] crdt/info: [ws_c3f3722a-8d5c-4545-98b7-022ff4ff5768] Left local markdown Misc/test.md untouched during preload because it diverged from the last known cached content.
[2026-05-05T00:23:35.972Z] crdt/info: [ws_c3f3722a-8d5c-4545-98b7-022ff4ff5768] Refreshed 40/44 closed markdown document(s) via HTTP bootstrap (background-markdown, 0 state update(s)).
[2026-05-05T00:23:40.735Z] crdt/info: [ws_c3f3722a-8d5c-4545-98b7-022ff4ff5768] Preloading 4 markdown document(s) via HTTP bootstrap metadata + state batches (locked-retry).
[2026-05-05T00:23:40.873Z] crdt/info: [ws_c3f3722a-8d5c-4545-98b7-022ff4ff5768] Left local markdown АГиТДУ/Лекция/17.04.md untouched during preload because it diverged from the last known cached content.
[2026-05-05T00:23:40.876Z] crdt/info: [ws_c3f3722a-8d5c-4545-98b7-022ff4ff5768] Left local markdown АГиТДУ/Практика/10.04.2026.md untouched during preload because it diverged from the last known cached content.
[2026-05-05T00:23:40.879Z] crdt/info: [ws_c3f3722a-8d5c-4545-98b7-022ff4ff5768] Left local markdown Физика/Лекции/Лекция 13.03/Лекция 13.03.md untouched during preload because it diverged from the last known cached content.
[2026-05-05T00:23:40.880Z] crdt/info: [ws_c3f3722a-8d5c-4545-98b7-022ff4ff5768] Left local markdown Misc/test.md untouched during preload because it diverged from the last known cached content.
[2026-05-05T00:23:40.951Z] crdt/info: [ws_c3f3722a-8d5c-4545-98b7-022ff4ff5768] HTTP markdown bootstrap stored 4 markdown document(s) with 19.3 KB downloaded.
[2026-05-05T00:23:41.352Z] crdt/info: [ws_c3f3722a-8d5c-4545-98b7-022ff4ff5768] Left local markdown АГиТДУ/Лекция/17.04.md untouched during preload because it diverged from the last known cached content.
[2026-05-05T00:23:41.356Z] crdt/info: [ws_c3f3722a-8d5c-4545-98b7-022ff4ff5768] Left local markdown АГиТДУ/Практика/10.04.2026.md untouched during preload because it diverged from the last known cached content.
[2026-05-05T00:23:41.589Z] crdt/info: [ws_c3f3722a-8d5c-4545-98b7-022ff4ff5768] Left local markdown Физика/Лекции/Лекция 13.03/Лекция 13.03.md untouched during preload because it diverged from the last known cached content.
[2026-05-05T00:23:42.170Z] crdt/info: [ws_c3f3722a-8d5c-4545-98b7-022ff4ff5768] Left local markdown Misc/test.md untouched during preload because it diverged from the last known cached content.
[2026-05-05T00:23:42.172Z] crdt/info: [ws_c3f3722a-8d5c-4545-98b7-022ff4ff5768] Refreshed 40/44 closed markdown document(s) via HTTP bootstrap (background-markdown, 0 state update(s)).
[2026-05-05T00:23:47.566Z] crdt/info: [ws_c3f3722a-8d5c-4545-98b7-022ff4ff5768] Left local markdown АГиТДУ/Лекция/17.04.md untouched during preload because it diverged from the last known cached content.
[2026-05-05T00:23:47.572Z] crdt/info: [ws_c3f3722a-8d5c-4545-98b7-022ff4ff5768] Left local markdown АГиТДУ/Практика/10.04.2026.md untouched during preload because it diverged from the last known cached content.
[2026-05-05T00:23:47.797Z] crdt/info: [ws_c3f3722a-8d5c-4545-98b7-022ff4ff5768] Left local markdown Физика/Лекции/Лекция 13.03/Лекция 13.03.md untouched during preload because it diverged from the last known cached content.
[2026-05-05T00:23:48.364Z] crdt/info: [ws_c3f3722a-8d5c-4545-98b7-022ff4ff5768] Left local markdown Misc/test.md untouched during preload because it diverged from the last known cached content.
[2026-05-05T00:23:48.366Z] crdt/info: [ws_c3f3722a-8d5c-4545-98b7-022ff4ff5768] Refreshed 40/44 closed markdown document(s) via HTTP bootstrap (background-markdown, 0 state update(s)).
[2026-05-05T00:23:49.035Z] crdt/info: [ws_c3f3722a-8d5c-4545-98b7-022ff4ff5768] Preloading 4 markdown document(s) via HTTP bootstrap metadata + state batches (locked-retry).
[2026-05-05T00:23:49.171Z] crdt/info: [ws_c3f3722a-8d5c-4545-98b7-022ff4ff5768] Left local markdown АГиТДУ/Лекция/17.04.md untouched during preload because it diverged from the last known cached content.
[2026-05-05T00:23:49.174Z] crdt/info: [ws_c3f3722a-8d5c-4545-98b7-022ff4ff5768] Left local markdown АГиТДУ/Практика/10.04.2026.md untouched during preload because it diverged from the last known cached content.
[2026-05-05T00:23:49.177Z] crdt/info: [ws_c3f3722a-8d5c-4545-98b7-022ff4ff5768] Left local markdown Физика/Лекции/Лекция 13.03/Лекция 13.03.md untouched during preload because it diverged from the last known cached content.
[2026-05-05T00:23:49.178Z] crdt/info: [ws_c3f3722a-8d5c-4545-98b7-022ff4ff5768] Left local markdown Misc/test.md untouched during preload because it diverged from the last known cached content.
[2026-05-05T00:23:49.241Z] crdt/info: [ws_c3f3722a-8d5c-4545-98b7-022ff4ff5768] HTTP markdown bootstrap stored 4 markdown document(s) with 19.3 KB downloaded.
[2026-05-05T00:23:53.805Z] crdt/info: [ws_c3f3722a-8d5c-4545-98b7-022ff4ff5768] Left local markdown АГиТДУ/Лекция/17.04.md untouched during preload because it diverged from the last known cached content.
[2026-05-05T00:23:53.812Z] crdt/info: [ws_c3f3722a-8d5c-4545-98b7-022ff4ff5768] Left local markdown АГиТДУ/Практика/10.04.2026.md untouched during preload because it diverged from the last known cached content.
[2026-05-05T00:23:54.058Z] crdt/info: [ws_c3f3722a-8d5c-4545-98b7-022ff4ff5768] Left local markdown Физика/Лекции/Лекция 13.03/Лекция 13.03.md untouched during preload because it diverged from the last known cached content.
[2026-05-05T00:23:54.633Z] crdt/info: [ws_c3f3722a-8d5c-4545-98b7-022ff4ff5768] Left local markdown Misc/test.md untouched during preload because it diverged from the last known cached content.
[2026-05-05T00:23:54.634Z] crdt/info: [ws_c3f3722a-8d5c-4545-98b7-022ff4ff5768] Refreshed 40/44 closed markdown document(s) via HTTP bootstrap (background-markdown, 0 state update(s)).
[2026-05-05T00:23:57.359Z] crdt/info: [ws_c3f3722a-8d5c-4545-98b7-022ff4ff5768] Preloading 4 markdown document(s) via HTTP bootstrap metadata + state batches (locked-retry).
[2026-05-05T00:23:57.506Z] crdt/info: [ws_c3f3722a-8d5c-4545-98b7-022ff4ff5768] Left local markdown АГиТДУ/Лекция/17.04.md untouched during preload because it diverged from the last known cached content.
[2026-05-05T00:23:57.508Z] crdt/info: [ws_c3f3722a-8d5c-4545-98b7-022ff4ff5768] Left local markdown АГиТДУ/Практика/10.04.2026.md untouched during preload because it diverged from the last known cached content.
[2026-05-05T00:23:57.512Z] crdt/info: [ws_c3f3722a-8d5c-4545-98b7-022ff4ff5768] Left local markdown Физика/Лекции/Лекция 13.03/Лекция 13.03.md untouched during preload because it diverged from the last known cached content.
[2026-05-05T00:23:57.513Z] crdt/info: [ws_c3f3722a-8d5c-4545-98b7-022ff4ff5768] Left local markdown Misc/test.md untouched during preload because it diverged from the last known cached content.
[2026-05-05T00:23:57.594Z] crdt/info: [ws_c3f3722a-8d5c-4545-98b7-022ff4ff5768] HTTP markdown bootstrap stored 4 markdown document(s) with 19.3 KB downloaded.
[2026-05-05T00:24:00.075Z] crdt/info: [ws_c3f3722a-8d5c-4545-98b7-022ff4ff5768] Left local markdown АГиТДУ/Лекция/17.04.md untouched during preload because it diverged from the last known cached content.
[2026-05-05T00:24:00.079Z] crdt/info: [ws_c3f3722a-8d5c-4545-98b7-022ff4ff5768] Left local markdown АГиТДУ/Практика/10.04.2026.md untouched during preload because it diverged from the last known cached content.
[2026-05-05T00:24:00.332Z] crdt/info: [ws_c3f3722a-8d5c-4545-98b7-022ff4ff5768] Left local markdown Физика/Лекции/Лекция 13.03/Лекция 13.03.md untouched during preload because it diverged from the last known cached content.
[2026-05-05T00:24:00.964Z] crdt/info: [ws_c3f3722a-8d5c-4545-98b7-022ff4ff5768] Left local markdown Misc/test.md untouched during preload because it diverged from the last known cached content.
[2026-05-05T00:24:00.965Z] crdt/info: [ws_c3f3722a-8d5c-4545-98b7-022ff4ff5768] Refreshed 40/44 closed markdown document(s) via HTTP bootstrap (background-markdown, 0 state update(s)).
[2026-05-05T00:24:05.682Z] crdt/info: [ws_c3f3722a-8d5c-4545-98b7-022ff4ff5768] Preloading 4 markdown document(s) via HTTP bootstrap metadata + state batches (locked-retry).
[2026-05-05T00:24:05.822Z] crdt/info: [ws_c3f3722a-8d5c-4545-98b7-022ff4ff5768] Left local markdown АГиТДУ/Лекция/17.04.md untouched during preload because it diverged from the last known cached content.
[2026-05-05T00:24:05.824Z] crdt/info: [ws_c3f3722a-8d5c-4545-98b7-022ff4ff5768] Left local markdown АГиТДУ/Практика/10.04.2026.md untouched during preload because it diverged from the last known cached content.
[2026-05-05T00:24:05.827Z] crdt/info: [ws_c3f3722a-8d5c-4545-98b7-022ff4ff5768] Left local markdown Физика/Лекции/Лекция 13.03/Лекция 13.03.md untouched during preload because it diverged from the last known cached content.
[2026-05-05T00:24:05.828Z] crdt/info: [ws_c3f3722a-8d5c-4545-98b7-022ff4ff5768] Left local markdown Misc/test.md untouched during preload because it diverged from the last known cached content.
[2026-05-05T00:24:05.910Z] crdt/info: [ws_c3f3722a-8d5c-4545-98b7-022ff4ff5768] HTTP markdown bootstrap stored 4 markdown document(s) with 19.3 KB downloaded.
[2026-05-05T00:24:06.358Z] crdt/info: [ws_c3f3722a-8d5c-4545-98b7-022ff4ff5768] Left local markdown АГиТДУ/Лекция/17.04.md untouched during preload because it diverged from the last known cached content.
[2026-05-05T00:24:06.365Z] crdt/info: [ws_c3f3722a-8d5c-4545-98b7-022ff4ff5768] Left local markdown АГиТДУ/Практика/10.04.2026.md untouched during preload because it diverged from the last known cached content.
[2026-05-05T00:24:06.614Z] crdt/info: [ws_c3f3722a-8d5c-4545-98b7-022ff4ff5768] Left local markdown Физика/Лекции/Лекция 13.03/Лекция 13.03.md untouched during preload because it diverged from the last known cached content.
[2026-05-05T00:24:07.169Z] crdt/info: [ws_c3f3722a-8d5c-4545-98b7-022ff4ff5768] Left local markdown Misc/test.md untouched during preload because it diverged from the last known cached content.
[2026-05-05T00:24:07.174Z] crdt/info: [ws_c3f3722a-8d5c-4545-98b7-022ff4ff5768] Refreshed 40/44 closed markdown document(s) via HTTP bootstrap (background-markdown, 0 state update(s)).
[2026-05-05T00:24:12.588Z] crdt/info: [ws_c3f3722a-8d5c-4545-98b7-022ff4ff5768] Left local markdown АГиТДУ/Лекция/17.04.md untouched during preload because it diverged from the last known cached content.
[2026-05-05T00:24:12.595Z] crdt/info: [ws_c3f3722a-8d5c-4545-98b7-022ff4ff5768] Left local markdown АГиТДУ/Практика/10.04.2026.md untouched during preload because it diverged from the last known cached content.
[2026-05-05T00:24:12.852Z] crdt/info: [ws_c3f3722a-8d5c-4545-98b7-022ff4ff5768] Left local markdown Физика/Лекции/Лекция 13.03/Лекция 13.03.md untouched during preload because it diverged from the last known cached content.
[2026-05-05T00:24:13.427Z] crdt/info: [ws_c3f3722a-8d5c-4545-98b7-022ff4ff5768] Left local markdown Misc/test.md untouched during preload because it diverged from the last known cached content.
[2026-05-05T00:24:13.429Z] crdt/info: [ws_c3f3722a-8d5c-4545-98b7-022ff4ff5768] Refreshed 40/44 closed markdown document(s) via HTTP bootstrap (background-markdown, 0 state update(s)).
[2026-05-05T00:24:14.016Z] crdt/info: [ws_c3f3722a-8d5c-4545-98b7-022ff4ff5768] Preloading 4 markdown document(s) via HTTP bootstrap metadata + state batches (locked-retry).
[2026-05-05T00:24:14.157Z] crdt/info: [ws_c3f3722a-8d5c-4545-98b7-022ff4ff5768] Left local markdown АГиТДУ/Лекция/17.04.md untouched during preload because it diverged from the last known cached content.
[2026-05-05T00:24:14.159Z] crdt/info: [ws_c3f3722a-8d5c-4545-98b7-022ff4ff5768] Left local markdown АГиТДУ/Практика/10.04.2026.md untouched during preload because it diverged from the last known cached content.
[2026-05-05T00:24:14.162Z] crdt/info: [ws_c3f3722a-8d5c-4545-98b7-022ff4ff5768] Left local markdown Физика/Лекции/Лекция 13.03/Лекция 13.03.md untouched during preload because it diverged from the last known cached content.
[2026-05-05T00:24:14.164Z] crdt/info: [ws_c3f3722a-8d5c-4545-98b7-022ff4ff5768] Left local markdown Misc/test.md untouched during preload because it diverged from the last known cached content.
[2026-05-05T00:24:14.261Z] crdt/info: [ws_c3f3722a-8d5c-4545-98b7-022ff4ff5768] HTTP markdown bootstrap stored 4 markdown document(s) with 19.3 KB downloaded.
[2026-05-05T00:24:18.854Z] crdt/info: [ws_c3f3722a-8d5c-4545-98b7-022ff4ff5768] Left local markdown АГиТДУ/Лекция/17.04.md untouched during preload because it diverged from the last known cached content.
[2026-05-05T00:24:18.860Z] crdt/info: [ws_c3f3722a-8d5c-4545-98b7-022ff4ff5768] Left local markdown АГиТДУ/Практика/10.04.2026.md untouched during preload because it diverged from the last known cached content.
[2026-05-05T00:24:19.120Z] crdt/info: [ws_c3f3722a-8d5c-4545-98b7-022ff4ff5768] Left local markdown Физика/Лекции/Лекция 13.03/Лекция 13.03.md untouched during preload because it diverged from the last known cached content.
[2026-05-05T00:24:19.749Z] crdt/info: [ws_c3f3722a-8d5c-4545-98b7-022ff4ff5768] Left local markdown Misc/test.md untouched during preload because it diverged from the last known cached content.
[2026-05-05T00:24:19.750Z] crdt/info: [ws_c3f3722a-8d5c-4545-98b7-022ff4ff5768] Refreshed 40/44 closed markdown document(s) via HTTP bootstrap (background-markdown, 0 state update(s)).
[2026-05-05T00:24:22.358Z] crdt/info: [ws_c3f3722a-8d5c-4545-98b7-022ff4ff5768] Preloading 4 markdown document(s) via HTTP bootstrap metadata + state batches (locked-retry).
[2026-05-05T00:24:22.493Z] crdt/info: [ws_c3f3722a-8d5c-4545-98b7-022ff4ff5768] Left local markdown АГиТДУ/Лекция/17.04.md untouched during preload because it diverged from the last known cached content.
[2026-05-05T00:24:22.495Z] crdt/info: [ws_c3f3722a-8d5c-4545-98b7-022ff4ff5768] Left local markdown АГиТДУ/Практика/10.04.2026.md untouched during preload because it diverged from the last known cached content.
[2026-05-05T00:24:22.498Z] crdt/info: [ws_c3f3722a-8d5c-4545-98b7-022ff4ff5768] Left local markdown Физика/Лекции/Лекция 13.03/Лекция 13.03.md untouched during preload because it diverged from the last known cached content.
[2026-05-05T00:24:22.499Z] crdt/info: [ws_c3f3722a-8d5c-4545-98b7-022ff4ff5768] Left local markdown Misc/test.md untouched during preload because it diverged from the last known cached content.
[2026-05-05T00:24:22.540Z] crdt/info: [ws_c3f3722a-8d5c-4545-98b7-022ff4ff5768] HTTP markdown bootstrap stored 4 markdown document(s) with 19.3 KB downloaded.
[2026-05-05T00:24:25.141Z] crdt/info: [ws_c3f3722a-8d5c-4545-98b7-022ff4ff5768] Left local markdown АГиТДУ/Лекция/17.04.md untouched during preload because it diverged from the last known cached content.
[2026-05-05T00:24:25.148Z] crdt/info: [ws_c3f3722a-8d5c-4545-98b7-022ff4ff5768] Left local markdown АГиТДУ/Практика/10.04.2026.md untouched during preload because it diverged from the last known cached content.
[2026-05-05T00:24:25.396Z] crdt/info: [ws_c3f3722a-8d5c-4545-98b7-022ff4ff5768] Left local markdown Физика/Лекции/Лекция 13.03/Лекция 13.03.md untouched during preload because it diverged from the last known cached content.
[2026-05-05T00:24:25.978Z] crdt/info: [ws_c3f3722a-8d5c-4545-98b7-022ff4ff5768] Left local markdown Misc/test.md untouched during preload because it diverged from the last known cached content.
[2026-05-05T00:24:25.980Z] crdt/info: [ws_c3f3722a-8d5c-4545-98b7-022ff4ff5768] Refreshed 40/44 closed markdown document(s) via HTTP bootstrap (background-markdown, 0 state update(s)).
[2026-05-05T00:24:30.643Z] crdt/info: [ws_c3f3722a-8d5c-4545-98b7-022ff4ff5768] Preloading 4 markdown document(s) via HTTP bootstrap metadata + state batches (locked-retry).
[2026-05-05T00:24:30.776Z] crdt/info: [ws_c3f3722a-8d5c-4545-98b7-022ff4ff5768] Left local markdown АГиТДУ/Лекция/17.04.md untouched during preload because it diverged from the last known cached content.
[2026-05-05T00:24:30.778Z] crdt/info: [ws_c3f3722a-8d5c-4545-98b7-022ff4ff5768] Left local markdown АГиТДУ/Практика/10.04.2026.md untouched during preload because it diverged from the last known cached content.
[2026-05-05T00:24:30.780Z] crdt/info: [ws_c3f3722a-8d5c-4545-98b7-022ff4ff5768] Left local markdown Физика/Лекции/Лекция 13.03/Лекция 13.03.md untouched during preload because it diverged from the last known cached content.
[2026-05-05T00:24:30.782Z] crdt/info: [ws_c3f3722a-8d5c-4545-98b7-022ff4ff5768] Left local markdown Misc/test.md untouched during preload because it diverged from the last known cached content.
[2026-05-05T00:24:30.859Z] crdt/info: [ws_c3f3722a-8d5c-4545-98b7-022ff4ff5768] HTTP markdown bootstrap stored 4 markdown document(s) with 19.3 KB downloaded.
[2026-05-05T00:24:31.327Z] crdt/info: [ws_c3f3722a-8d5c-4545-98b7-022ff4ff5768] Left local markdown АГиТДУ/Лекция/17.04.md untouched during preload because it diverged from the last known cached content.
[2026-05-05T00:24:31.330Z] crdt/info: [ws_c3f3722a-8d5c-4545-98b7-022ff4ff5768] Left local markdown АГиТДУ/Практика/10.04.2026.md untouched during preload because it diverged from the last known cached content.
[2026-05-05T00:24:31.559Z] crdt/info: [ws_c3f3722a-8d5c-4545-98b7-022ff4ff5768] Left local markdown Физика/Лекции/Лекция 13.03/Лекция 13.03.md untouched during preload because it diverged from the last known cached content.
[2026-05-05T00:24:32.181Z] crdt/info: [ws_c3f3722a-8d5c-4545-98b7-022ff4ff5768] Left local markdown Misc/test.md untouched during preload because it diverged from the last known cached content.
[2026-05-05T00:24:32.182Z] crdt/info: [ws_c3f3722a-8d5c-4545-98b7-022ff4ff5768] Refreshed 40/44 closed markdown document(s) via HTTP bootstrap (background-markdown, 0 state update(s)).
[2026-05-05T00:24:37.595Z] crdt/info: [ws_c3f3722a-8d5c-4545-98b7-022ff4ff5768] Left local markdown АГиТДУ/Лекция/17.04.md untouched during preload because it diverged from the last known cached content.
[2026-05-05T00:24:37.601Z] crdt/info: [ws_c3f3722a-8d5c-4545-98b7-022ff4ff5768] Left local markdown АГиТДУ/Практика/10.04.2026.md untouched during preload because it diverged from the last known cached content.
[2026-05-05T00:24:37.844Z] crdt/info: [ws_c3f3722a-8d5c-4545-98b7-022ff4ff5768] Left local markdown Физика/Лекции/Лекция 13.03/Лекция 13.03.md untouched during preload because it diverged from the last known cached content.
[2026-05-05T00:24:38.405Z] crdt/info: [ws_c3f3722a-8d5c-4545-98b7-022ff4ff5768] Left local markdown Misc/test.md untouched during preload because it diverged from the last known cached content.
[2026-05-05T00:24:38.406Z] crdt/info: [ws_c3f3722a-8d5c-4545-98b7-022ff4ff5768] Refreshed 40/44 closed markdown document(s) via HTTP bootstrap (background-markdown, 0 state update(s)).
[2026-05-05T00:24:38.936Z] crdt/info: [ws_c3f3722a-8d5c-4545-98b7-022ff4ff5768] Preloading 4 markdown document(s) via HTTP bootstrap metadata + state batches (locked-retry).
[2026-05-05T00:24:39.083Z] crdt/info: [ws_c3f3722a-8d5c-4545-98b7-022ff4ff5768] Left local markdown АГиТДУ/Лекция/17.04.md untouched during preload because it diverged from the last known cached content.
[2026-05-05T00:24:39.086Z] crdt/info: [ws_c3f3722a-8d5c-4545-98b7-022ff4ff5768] Left local markdown АГиТДУ/Практика/10.04.2026.md untouched during preload because it diverged from the last known cached content.
[2026-05-05T00:24:39.089Z] crdt/info: [ws_c3f3722a-8d5c-4545-98b7-022ff4ff5768] Left local markdown Физика/Лекции/Лекция 13.03/Лекция 13.03.md untouched during preload because it diverged from the last known cached content.
[2026-05-05T00:24:39.090Z] crdt/info: [ws_c3f3722a-8d5c-4545-98b7-022ff4ff5768] Left local markdown Misc/test.md untouched during preload because it diverged from the last known cached content.
[2026-05-05T00:24:39.155Z] crdt/info: [ws_c3f3722a-8d5c-4545-98b7-022ff4ff5768] HTTP markdown bootstrap stored 4 markdown document(s) with 19.3 KB downloaded.
[2026-05-05T00:24:43.790Z] crdt/info: [ws_c3f3722a-8d5c-4545-98b7-022ff4ff5768] Left local markdown АГиТДУ/Лекция/17.04.md untouched during preload because it diverged from the last known cached content.
[2026-05-05T00:24:43.799Z] crdt/info: [ws_c3f3722a-8d5c-4545-98b7-022ff4ff5768] Left local markdown АГиТДУ/Практика/10.04.2026.md untouched during preload because it diverged from the last known cached content.
[2026-05-05T00:24:44.050Z] crdt/info: [ws_c3f3722a-8d5c-4545-98b7-022ff4ff5768] Left local markdown Физика/Лекции/Лекция 13.03/Лекция 13.03.md untouched during preload because it diverged from the last known cached content.
[2026-05-05T00:24:44.608Z] crdt/info: [ws_c3f3722a-8d5c-4545-98b7-022ff4ff5768] Left local markdown Misc/test.md untouched during preload because it diverged from the last known cached content.
[2026-05-05T00:24:44.610Z] crdt/info: [ws_c3f3722a-8d5c-4545-98b7-022ff4ff5768] Refreshed 40/44 closed markdown document(s) via HTTP bootstrap (background-markdown, 0 state update(s)).
[2026-05-05T00:24:47.260Z] crdt/info: [ws_c3f3722a-8d5c-4545-98b7-022ff4ff5768] Preloading 4 markdown document(s) via HTTP bootstrap metadata + state batches (locked-retry).
[2026-05-05T00:24:47.396Z] crdt/info: [ws_c3f3722a-8d5c-4545-98b7-022ff4ff5768] Left local markdown АГиТДУ/Лекция/17.04.md untouched during preload because it diverged from the last known cached content.
[2026-05-05T00:24:47.399Z] crdt/info: [ws_c3f3722a-8d5c-4545-98b7-022ff4ff5768] Left local markdown АГиТДУ/Практика/10.04.2026.md untouched during preload because it diverged from the last known cached content.
[2026-05-05T00:24:47.401Z] crdt/info: [ws_c3f3722a-8d5c-4545-98b7-022ff4ff5768] Left local markdown Физика/Лекции/Лекция 13.03/Лекция 13.03.md untouched during preload because it diverged from the last known cached content.
[2026-05-05T00:24:47.403Z] crdt/info: [ws_c3f3722a-8d5c-4545-98b7-022ff4ff5768] Left local markdown Misc/test.md untouched during preload because it diverged from the last known cached content.
[2026-05-05T00:24:47.487Z] crdt/info: [ws_c3f3722a-8d5c-4545-98b7-022ff4ff5768] HTTP markdown bootstrap stored 4 markdown document(s) with 19.3 KB downloaded.
[2026-05-05T00:24:50.023Z] crdt/info: [ws_c3f3722a-8d5c-4545-98b7-022ff4ff5768] Left local markdown АГиТДУ/Лекция/17.04.md untouched during preload because it diverged from the last known cached content.
[2026-05-05T00:24:50.030Z] crdt/info: [ws_c3f3722a-8d5c-4545-98b7-022ff4ff5768] Left local markdown АГиТДУ/Практика/10.04.2026.md untouched during preload because it diverged from the last known cached content.
[2026-05-05T00:24:50.275Z] crdt/info: [ws_c3f3722a-8d5c-4545-98b7-022ff4ff5768] Left local markdown Физика/Лекции/Лекция 13.03/Лекция 13.03.md untouched during preload because it diverged from the last known cached content.
[2026-05-05T00:24:50.809Z] crdt/info: [ws_c3f3722a-8d5c-4545-98b7-022ff4ff5768] Left local markdown Misc/test.md untouched during preload because it diverged from the last known cached content.
[2026-05-05T00:24:50.810Z] crdt/info: [ws_c3f3722a-8d5c-4545-98b7-022ff4ff5768] Refreshed 40/44 closed markdown document(s) via HTTP bootstrap (background-markdown, 0 state update(s)).
[2026-05-05T00:24:55.580Z] crdt/info: [ws_c3f3722a-8d5c-4545-98b7-022ff4ff5768] Preloading 4 markdown document(s) via HTTP bootstrap metadata + state batches (locked-retry).
[2026-05-05T00:24:55.716Z] crdt/info: [ws_c3f3722a-8d5c-4545-98b7-022ff4ff5768] Left local markdown АГиТДУ/Лекция/17.04.md untouched during preload because it diverged from the last known cached content.
[2026-05-05T00:24:55.718Z] crdt/info: [ws_c3f3722a-8d5c-4545-98b7-022ff4ff5768] Left local markdown АГиТДУ/Практика/10.04.2026.md untouched during preload because it diverged from the last known cached content.
[2026-05-05T00:24:55.721Z] crdt/info: [ws_c3f3722a-8d5c-4545-98b7-022ff4ff5768] Left local markdown Физика/Лекции/Лекция 13.03/Лекция 13.03.md untouched during preload because it diverged from the last known cached content.
[2026-05-05T00:24:55.723Z] crdt/info: [ws_c3f3722a-8d5c-4545-98b7-022ff4ff5768] Left local markdown Misc/test.md untouched during preload because it diverged from the last known cached content.
[2026-05-05T00:24:55.773Z] crdt/info: [ws_c3f3722a-8d5c-4545-98b7-022ff4ff5768] HTTP markdown bootstrap stored 4 markdown document(s) with 19.3 KB downloaded.
[2026-05-05T00:24:56.215Z] crdt/info: [ws_c3f3722a-8d5c-4545-98b7-022ff4ff5768] Left local markdown АГиТДУ/Лекция/17.04.md untouched during preload because it diverged from the last known cached content.
[2026-05-05T00:24:56.221Z] crdt/info: [ws_c3f3722a-8d5c-4545-98b7-022ff4ff5768] Left local markdown АГиТДУ/Практика/10.04.2026.md untouched during preload because it diverged from the last known cached content.
[2026-05-05T00:24:56.465Z] crdt/info: [ws_c3f3722a-8d5c-4545-98b7-022ff4ff5768] Left local markdown Физика/Лекции/Лекция 13.03/Лекция 13.03.md untouched during preload because it diverged from the last known cached content.
[2026-05-05T00:24:57.015Z] crdt/info: [ws_c3f3722a-8d5c-4545-98b7-022ff4ff5768] Left local markdown Misc/test.md untouched during preload because it diverged from the last known cached content.
[2026-05-05T00:24:57.016Z] crdt/info: [ws_c3f3722a-8d5c-4545-98b7-022ff4ff5768] Refreshed 40/44 closed markdown document(s) via HTTP bootstrap (background-markdown, 0 state update(s)).
[2026-05-05T00:25:02.404Z] crdt/info: [ws_c3f3722a-8d5c-4545-98b7-022ff4ff5768] Left local markdown АГиТДУ/Лекция/17.04.md untouched during preload because it diverged from the last known cached content.
[2026-05-05T00:25:02.411Z] crdt/info: [ws_c3f3722a-8d5c-4545-98b7-022ff4ff5768] Left local markdown АГиТДУ/Практика/10.04.2026.md untouched during preload because it diverged from the last known cached content.
[2026-05-05T00:25:02.650Z] crdt/info: [ws_c3f3722a-8d5c-4545-98b7-022ff4ff5768] Left local markdown Физика/Лекции/Лекция 13.03/Лекция 13.03.md untouched during preload because it diverged from the last known cached content.
[2026-05-05T00:25:03.213Z] crdt/info: [ws_c3f3722a-8d5c-4545-98b7-022ff4ff5768] Left local markdown Misc/test.md untouched during preload because it diverged from the last known cached content.
[2026-05-05T00:25:03.214Z] crdt/info: [ws_c3f3722a-8d5c-4545-98b7-022ff4ff5768] Refreshed 40/44 closed markdown document(s) via HTTP bootstrap (background-markdown, 0 state update(s)).
